Jenjang	Sekolah	Kecematan	1	2	3	4	5	6	7	8	9	10	11	12	13	
SMA	SMAN 16 BULUKUMBA	Kec. Bontobahari	-	-	-	-	-	-	-	-	-	68	66	88	-	
SMA	SMAN 3 BULUKUMBA	Kec. Bontobahari	-	-	-	-	-	-	-	-	-	280	306	217	-	
SMA	SMAN 11 BULUKUMBA	Kec. Bontotiro	-	-	-	-	-	-	-	-	-	171	149	150	-	
SMA	SMAN 10 BULUKUMBA	Kec. Rilau Ale	-	-	-	-	-	-	-	-	-	307	302	236	-	
SMA	SMAS MUHAMMADIYAH BULUKUMBA	Kec. Ujung Bulu	-	-	-	-	-	-	-	-	-	20	42	48	-	
SMA	SMAN 7 BULUKUMBA	Kec. Gantarang	-	-	-	-	-	-	-	-	-	195	164	187	-	
SMA	SMAN 2 BULUKUMBA	Kec. Bulukumpa	-	-	-	-	-	-	-	-	-	356	359	328	-	
SMA	SMAN 12 BULUKUMBA	Kec. Kindang	-	-	-	-	-	-	-	-	-	173	126	120	-	
SMA	SMAN 8 BULUKUMBA	Kec. Ujung Bulu	-	-	-	-	-	-	-	-	-	329	308	318	-	
SMA	SMAN 1 BULUKUMBA	Kec. Ujung Bulu	-	-	-	-	-	-	-	-	-	394	394	337	-	
SMA	SMAN 14 BULUKUMBA	Kec. Bulukumpa	-	-	-	-	-	-	-	-	-	102	98	91	-	
SMA	SMA  NEGERI 19 BULUKUMBA	Kec. Gantarang	-	-	-	-	-	-	-	-	-	43	42	0	-	
SMA	SMAN 4 BULUKUMBA	Kec. Bontotiro	-	-	-	-	-	-	-	-	-	194	199	202	-	
SMA	SMAN 6 BULUKUMBA	Kec. Herlang	-	-	-	-	-	-	-	-	-	272	251	280	-	
SMA	SMAN 17 BULUKUMBA	Kec. Rilau Ale	-	-	-	-	-	-	-	-	-	44	54	51	-	
SMA	SMAS PGRI BULUKUMBA	Kec. Ujung Bulu	-	-	-	-	-	-	-	-	-	0	15	25	-	
SMA	SMAS KARYA SAHARI BULUKUMBA	Kec. Ujung Bulu	-	-	-	-	-	-	-	-	-	42	76	91	-	
SMA	SMAN 15 BULUKUMBA	Kec. Ujung Loe	-	-	-	-	-	-	-	-	-	60	67	54	-	
SMA	SMA NEGERI 18 BULUKUMBA	Kec. Kajang	-	-	-	-	-	-	-	-	-	163	125	150	-	
SMA	SMAN 13 BULUKUMBA	Kec. Kajang	-	-	-	-	-	-	-	-	-	91	85	81	-	
SMA	SMAN 5 BULUKUMBA	Kec. Kajang	-	-	-	-	-	-	-	-	-	338	322	289	-	
SMA	SMAN 9 BULUKUMBA	Kec. Ujung Loe	-	-	-	-	-	-	-	-	-	338	329	263	-	
SMK	SMKN 8 BULUKUMBA	Kec. Bulukumpa	-	-	-	-	-	-	-	-	-	97	59	34	0	
SMK	SMKN 11 BULUKUMBA	Kec. Bulukumpa	-	-	-	-	-	-	-	-	-	93	34	0	0	
SMK	SMKS AL IRSYAD BULUKUMBA	Kec. Ujung Bulu	-	-	-	-	-	-	-	-	-	0	11	25	0	
SMK	SMKN 1 BULUKUMBA	Kec. Ujung Bulu	-	-	-	-	-	-	-	-	-	399	450	370	0	
SMK	SMKN 10 BULUKUMBA	Kec. Gantarang	-	-	-	-	-	-	-	-	-	103	58	77	0	
SMK	SMKN 9 BULUKUMBA	Kec. Bontotiro	-	-	-	-	-	-	-	-	-	39	13	21	0	
SMK	SMKN 2 BULUKUMBA	Kec. Kindang	-	-	-	-	-	-	-	-	-	80	82	66	0	
SMK	SMKN 6 PERKAPALAN BULUKUMBA	Kec. Bontobahari	-	-	-	-	-	-	-	-	-	47	11	32	0	
SMK	SMKS KESEHATAN PHINISI BULUKUMBA	Kec. Ujung Bulu	-	-	-	-	-	-	-	-	-	6	4	4	0	
SMK	SMKS TEKNOLOGI INFORMATIKA BULUKUMBA	Kec. Ujung Bulu	-	-	-	-	-	-	-	-	-	16	16	9	0	
SMK	SMK CENDEKIA INSAN MANDIRI	Kec. Ujung Bulu	-	-	-	-	-	-	-	-	-	0	0	8	0	
SMK	SMKS PUTRA BANGSA BULUKUMBA	Kec. Ujung Bulu	-	-	-	-	-	-	-	-	-	30	26	21	0	
SMK	SMKS MULIA ASRI BULUKUMBA	Kec. Kajang	-	-	-	-	-	-	-	-	-	12	12	19	0	
SMK	SMKS PEPABRI BULUKUMBA	Kec. Ujung Bulu	-	-	-	-	-	-	-	-	-	38	36	32	0	
SMK	SMKS MUHAMMADIYAH BULUKUMBA	Kec. Ujung Bulu	-	-	-	-	-	-	-	-	-	30	35	38	0	
SMK	SMKN 5 BULUKUMBA	Kec. Rilau Ale	-	-	-	-	-	-	-	-	-	125	103	68	0	
SMK	SMKN 3 BULUKUMBA	Kec. Ujung Loe	-	-	-	-	-	-	-	-	-	130	102	89	0	
SMK	SMKS KEPERAWATAN ALIF SYAWAL BULUKUMBA	Kec. Ujung Bulu	-	-	-	-	-	-	-	-	-	2	8	14	0	
SMK	SMKN 4 BULUKUMBA	Kec. Herlang	-	-	-	-	-	-	-	-	-	78	56	55	0	
SMK	SMKN 7 BULUKUMBA	Kec. Kajang	-	-	-	-	-	-	-	-	-	86	55	38	0	
SMK	SMKS ARKARNIS BATANG	Kec. Bontotiro	-	-	-	-	-	-	-	-	-	8	10	12	0	
SMP	SMP NEGERI 8 BULUKUMBA 	Kec. Gantarang	-	-	-	-	-	-	74	76	61	-	-	-	-	
SMP	SMP NEGERI SATAP 9 BULUKUMBA	Kec. Kindang	-	-	-	-	-	-	19	17	26	-	-	-	-	
SMP	SMP INTEGRAL AL HIKMAH	Kec. Ujung Loe	-	-	-	-	-	-	11	35	18	-	-	-	-	
SMP	SMP NEGERI 35 BULUKUMBA	Kec. Bontobahari	-	-	-	-	-	-	46	40	43	-	-	-	-	
SMP	SMP NEGERI 39 BULUKUMBA	Kec. Rilau Ale	-	-	-	-	-	-	176	208	224	-	-	-	-	
SMP	SMP NEGERI 10 BULUKUMBA	Kec. Ujung Loe	-	-	-	-	-	-	254	220	220	-	-	-	-	
SMP	SMP NEGERI 24 BULUKUMBA 	Kec. Herlang	-	-	-	-	-	-	110	116	112	-	-	-	-	
SMP	SMP NEGERI 5 BULUKUMBA	Kec. Gantarang	-	-	-	-	-	-	111	100	136	-	-	-	-	
SMP	SMP AL-IRSYAD	Kec. Kindang	-	-	-	-	-	-	10	23	26	-	-	-	-	
SMP	SMP NEGERI 23 BULUKUMBA	Kec. Kajang	-	-	-	-	-	-	39	46	38	-	-	-	-	
SMP	SMP NEGERI SATAP 3 BULUKUMBA 	Kec. Kajang	-	-	-	-	-	-	32	15	23	-	-	-	-	
SMP	SMP NEGERI 21 BULUKUMBA	Kec. Kajang	-	-	-	-	-	-	93	95	103	-	-	-	-	
SMP	SMP NEGERI SATAP 5 BULUKUMBA	Kec. Kajang	-	-	-	-	-	-	30	34	24	-	-	-	-	
SMP	SMP NEGERI SATAP 15 BULUKUMBA	Kec. Gantarang	-	-	-	-	-	-	19	26	26	-	-	-	-	
SMP	SMP NEGERI SATAP 4 BULUKUMBA 	Kec. Kajang	-	-	-	-	-	-	19	15	18	-	-	-	-	
SMP	SMP NEGERI SATAP 7 BULUKUMBA	Kec. Bontobahari	-	-	-	-	-	-	14	10	8	-	-	-	-	
SMP	SMP NEGERI 32 BULUKUMBA	Kec. Bontobahari	-	-	-	-	-	-	203	219	229	-	-	-	-	
SMP	SMPN 46 BULUKUMBA	Kec. Herlang	-	-	-	-	-	-	28	24	26	-	-	-	-	
SMP	SMP NEGERI 9 BULUKUMBA 	Kec. Gantarang	-	-	-	-	-	-	109	103	86	-	-	-	-	
SMP	SMP NEGERI 11 BULUKUMBA	Kec. Ujung Loe	-	-	-	-	-	-	98	119	115	-	-	-	-	
SMP	SMP NEGERI 3 BULUKUMBA 	Kec. Ujung Bulu	-	-	-	-	-	-	58	101	74	-	-	-	-	
SMP	SMP NEGERI 41 BULUKUMBA 	Kec. Rilau Ale	-	-	-	-	-	-	106	116	112	-	-	-	-	
SMP	SMPS AS SALAM JONJORO	Kec. Rilau Ale	-	-	-	-	-	-	22	25	19	-	-	-	-	
SMP	SMP NEGERI 43 BULUKUMBA	Kec. Kajang	-	-	-	-	-	-	41	46	54	-	-	-	-	
SMP	SMP NEGERI 25 BULUKUMBA	Kec. Herlang	-	-	-	-	-	-	126	110	111	-	-	-	-	
SMP	SMP NEGERI 40 BULUKUMBA	Kec. Rilau Ale	-	-	-	-	-	-	254	248	260	-	-	-	-	
SMP	SMP NEGERI SATAP 14 BULUKUMBA	Kec. Gantarang	-	-	-	-	-	-	27	24	23	-	-	-	-	
SMP	SMP NEGERI 28 BULUKUMBA	Kec. Herlang	-	-	-	-	-	-	65	74	50	-	-	-	-	
SMP	SMP NEGERI 19 BULUKUMBA 	Kec. Kajang	-	-	-	-	-	-	196	214	196	-	-	-	-	
SMP	SMP NEGERI 20 BULUKUMBA	Kec. Kajang	-	-	-	-	-	-	250	225	224	-	-	-	-	
SMP	SMP NEGERI 14 BULUKUMBA	Kec. Bulukumpa	-	-	-	-	-	-	200	237	161	-	-	-	-	
SMP	SMP NEGERI 27 BULUKUMBA	Kec. Herlang	-	-	-	-	-	-	43	29	46	-	-	-	-	
SMP	SMP NEGERI 15 BULUKUMBA	Kec. Bulukumpa	-	-	-	-	-	-	76	70	75	-	-	-	-	
SMP	SMP NEGERI 16 BULUKUMBA	Kec. Bulukumpa	-	-	-	-	-	-	106	115	115	-	-	-	-	
SMP	SMP NEGERI SATAP 11 BULUKUMBA	Kec. Kindang	-	-	-	-	-	-	15	21	15	-	-	-	-	
SMP	SMP NEGERI SATAP 2 BULUKUMBA	Kec. Bontotiro	-	-	-	-	-	-	14	18	20	-	-	-	-	
SMP	SMP NEGERI 12 BULUKUMBA 	Kec. Ujung Loe	-	-	-	-	-	-	108	125	125	-	-	-	-	
SMP	SMP ISLAM AL QALAM	Kec. Bulukumpa	-	-	-	-	-	-	19	15	18	-	-	-	-	
SMP	SMP NEGERI 13 BULUKUMBA	Kec. Ujung Loe	-	-	-	-	-	-	36	40	44	-	-	-	-	
SMP	SMP NEGERI SATAP 12 BULUKUMBA 	Kec. Kindang	-	-	-	-	-	-	5	4	6	-	-	-	-	
SMP	SMP NEGERI SATAP 6 BULUKUMBA	Kec. Bontobahari	-	-	-	-	-	-	21	14	9	-	-	-	-	
SMP	SMP NEGERI 7 BULUKUMBA	Kec. Gantarang	-	-	-	-	-	-	74	78	64	-	-	-	-	
SMP	SMP NEGERI 26 HERLANG	Kec. Herlang	-	-	-	-	-	-	63	62	69	-	-	-	-	
SMP	SMP NEGERI 36 BULUKUMBA	Kec. Kindang	-	-	-	-	-	-	69	62	74	-	-	-	-	
SMP	SMP NEGERI 4 BULUKUMBA	Kec. Gantarang	-	-	-	-	-	-	218	207	233	-	-	-	-	
SMP	SMP NEGERI SATAP 13 BULUKUMBA	Kec. Kindang	-	-	-	-	-	-	12	8	12	-	-	-	-	
SMP	SMP MUHAMMADIYAH BULUKUMBA	Kec. Ujung Bulu	-	-	-	-	-	-	30	23	24	-	-	-	-	
SMP	SMP NEGERI 17 BULUKUMBA	Kec. Bulukumpa	-	-	-	-	-	-	90	106	89	-	-	-	-	
SMP	SMP NEGERI 44 BULUKUMBA	Kec. Bulukumpa	-	-	-	-	-	-	68	55	43	-	-	-	-	
SMP	SMP NEGERI 37 BULUKUMBA	Kec. Kindang	-	-	-	-	-	-	61	79	83	-	-	-	-	
SMP	SMP NEGERI 2 BULUKUMBA	Kec. Ujung Bulu	-	-	-	-	-	-	251	241	210	-	-	-	-	
SMP	SMP NEGERI 48 BULUKUMBA	Kec. Gantarang	-	-	-	-	-	-	31	21	20	-	-	-	-	
SMP	SMP AL GAZALI	Kec. Ujung Bulu	-	-	-	-	-	-	10	9	17	-	-	-	-	
SMP	SMP NEGERI 47 BULUKUMBA	Kec. Bulukumpa	-	-	-	-	-	-	20	37	43	-	-	-	-	
SMP	SMP NEGERI 1 BULUKUMBA	Kec. Ujung Bulu	-	-	-	-	-	-	388	403	350	-	-	-	-	
SMP	SMP NEGERI SATAP 8 BULUKUMBA	Kec. Ujung Loe	-	-	-	-	-	-	25	26	27	-	-	-	-	
SMP	SMP NEGERI 29 BULUKUMBA	Kec. Bontotiro	-	-	-	-	-	-	90	92	82	-	-	-	-	
SMP	SMP NEGERI 31 BULUKUMBA	Kec. Bontotiro	-	-	-	-	-	-	67	75	74	-	-	-	-	
SMP	SMP NEGERI 34 BULUKUMBA	Kec. Bontobahari	-	-	-	-	-	-	111	99	90	-	-	-	-	
SMP	SMP NEGERI 18 BULUKUMBA 	Kec. Bulukumpa	-	-	-	-	-	-	59	65	70	-	-	-	-	
SMP	SMP NEGERI 33 BULUKUMBA	Kec. Bontobahari	-	-	-	-	-	-	81	91	90	-	-	-	-	
SMP	SMP NEGERI 6 BULUKUMBA	Kec. Gantarang	-	-	-	-	-	-	46	68	68	-	-	-	-	
SMP	SMPN SATAP 18 BULUKUMBA	Kec. Bulukumpa	-	-	-	-	-	-	37	45	28	-	-	-	-	
SMP	SMP NEGERI 30 BULUKUMBA	Kec. Bontotiro	-	-	-	-	-	-	102	120	82	-	-	-	-	
SMP	SMP NEGERI SATAP 1 BULUKUMBA	Kec. Herlang	-	-	-	-	-	-	43	32	44	-	-	-	-	
SMP	SMP NEGERI 22 BULUKUMBA	Kec. Kajang	-	-	-	-	-	-	65	61	57	-	-	-	-	
SMP	SMP NEGERI SATAP 10 BULUKUMBA 	Kec. Kindang	-	-	-	-	-	-	15	15	12	-	-	-	-	
SMP	SMP NEGERI 38 BULUKUMBA	Kec. Kindang	-	-	-	-	-	-	32	42	41	-	-	-	-	
SMP	SMP PGRI BULUKUMBA	Kec. Ujung Bulu	-	-	-	-	-	-	6	10	16	-	-	-	-	
SMP	SMP NEGERI 42 BULUKUMBA	Kec. Rilau Ale	-	-	-	-	-	-	45	31	52	-	-	-	-	
SD	SDN 7 MATAJANG	Kec. Ujung Bulu	50	69	63	74	87	56	-	-	-	-	-	-	-	
SD	SD NEGERI 274 BONTOSUNGGU	Kec. Gantarang	24	25	29	18	24	21	-	-	-	-	-	-	-	
SD	SD NEGERI 21 SEPPANG	Kec. Ujung Loe	30	23	29	41	27	37	-	-	-	-	-	-	-	
SD	SD NEGERI 90 GANJENGE	Kec. Rilau Ale	42	42	39	35	54	34	-	-	-	-	-	-	-	
SD	SD NEGERI 287 DOMENGA	Kec. Herlang	10	14	12	12	11	8	-	-	-	-	-	-	-	
SD	SD NEGERI 27 MATEKKO	Kec. Gantarang	42	43	36	44	20	19	-	-	-	-	-	-	-	
SD	SD NEGERI 182 DANNUANG	Kec. Ujung Loe	56	70	53	52	48	53	-	-	-	-	-	-	-	
SD	SD NEGERI 206 BONTONYELENG	Kec. Gantarang	52	33	23	39	43	26	-	-	-	-	-	-	-	
SD	SD NEGERI 187 BONTOMANAI	Kec. Rilau Ale	44	28	43	36	40	31	-	-	-	-	-	-	-	
SD	SD NEGERI 226 BALLEANGING	Kec. Ujung Loe	16	13	14	20	10	20	-	-	-	-	-	-	-	
SD	SD NEGERI 145 TUJU	Kec. Bontotiro	8	7	6	8	5	5	-	-	-	-	-	-	-	
SD	SD NEGERI 247 PATTOENGAN	Kec. Bulukumpa	12	8	8	24	18	13	-	-	-	-	-	-	-	
SD	SD NEGERI 297 MATEKKO	Kec. Gantarang	23	33	29	14	22	18	-	-	-	-	-	-	-	
SD	SD NEGERI 222 DANNUANG	Kec. Ujung Loe	37	44	37	41	43	28	-	-	-	-	-	-	-	
SD	SD NEGERI NO. 98 BONTOMANAI	Kec. Rilau Ale	51	37	63	48	52	47	-	-	-	-	-	-	-	
SD	SD NEGERI 311 LURAYA	Kec. Kajang	25	28	23	28	24	12	-	-	-	-	-	-	-	
SD	SD NEGERI 94 BALIMBING	Kec. Rilau Ale	24	23	29	30	26	25	-	-	-	-	-	-	-	
SD	SD NEGERI 293 TANAHKONGKONG	Kec. Ujung Bulu	24	24	33	23	27	18	-	-	-	-	-	-	-	
SD	SD NEGERI 26 MATEKKO	Kec. Gantarang	62	58	43	51	61	58	-	-	-	-	-	-	-	
SD	SD NEGERI 281 SUMALAYA	Kec. Kajang	36	28	28	35	43	38	-	-	-	-	-	-	-	
SD	SD NEGERI 290 TAHEBATU	Kec. Bontotiro	11	13	9	17	4	6	-	-	-	-	-	-	-	
SD	SD NEGERI 227 BONTOMACINNA	Kec. Gantarang	39	33	33	37	26	30	-	-	-	-	-	-	-	
SD	SD NEGERI 113 DANGGAREHANG	Kec. Kajang	5	20	11	9	10	9	-	-	-	-	-	-	-	
SD	SD NEGERI 158 BENJALA	Kec. Bontobahari	21	21	18	20	18	21	-	-	-	-	-	-	-	
SD	SD NEGERI 196 TRITIRO	Kec. Bontotiro	10	13	7	11	12	14	-	-	-	-	-	-	-	
SD	SD NEGERI 65 BALANGRIRI	Kec. Bulukumpa	37	24	26	32	20	27	-	-	-	-	-	-	-	
SD	SD NEGERI 346 TIMBULA	Kec. Bontotiro	4	2	5	3	10	5	-	-	-	-	-	-	-	
SD	SD NEGERI 319 LOKAJAHA	Kec. Bontotiro	14	18	15	13	10	12	-	-	-	-	-	-	-	
SD	SD NEGERI 9 TANAH KONGKONG	Kec. Ujung Bulu	44	42	44	31	37	38	-	-	-	-	-	-	-	
SD	SD NEGERI 19 MANYAMPA	Kec. Ujung Loe	23	29	23	23	32	26	-	-	-	-	-	-	-	
SD	SD NEGERI 244 SALASSAE	Kec. Bulukumpa	14	18	22	17	9	21	-	-	-	-	-	-	-	
SD	SD NEGERI 254 BANYORO	Kec. Herlang	11	11	13	14	13	14	-	-	-	-	-	-	-	
SD	SD NEGERI 263 TANAH LEMO	Kec. Bontobahari	28	18	25	24	28	20	-	-	-	-	-	-	-	
SD	SD NEGERI 157 PASARAYA	Kec. Bontobahari	27	25	27	41	32	23	-	-	-	-	-	-	-	
SD	SD NEGERI 130 BONTOBEANG	Kec. Herlang	26	10	17	15	22	10	-	-	-	-	-	-	-	
SD	SD NEGERI 320 MARAKKIUNG	Kec. Bontotiro	8	6	7	5	8	8	-	-	-	-	-	-	-	
SD	SD NEGERI 191 LEMBANNA	Kec. Kajang	22	14	7	5	8	11	-	-	-	-	-	-	-	
SD	SD NEGERI NO 6 KASUARA	Kec. Ujung Bulu	28	41	40	34	39	45	-	-	-	-	-	-	-	
SD	SD NEGERI 312 SAPAYA	Kec. Kajang	21	25	30	43	27	24	-	-	-	-	-	-	-	
SD	SD NEGERI 131 BONTO BANA	Kec. Herlang	11	21	16	16	15	21	-	-	-	-	-	-	-	
SD	SD NEGERI 86 LONGI	Kec. Rilau Ale	17	20	18	21	19	10	-	-	-	-	-	-	-	
SD	SD NEGERI 45 DAMPANG	Kec. Gantarang	26	17	19	25	31	24	-	-	-	-	-	-	-	
SD	SD NEGERI 120 BAJANG	Kec. Herlang	35	23	20	18	22	23	-	-	-	-	-	-	-	
SD	SD NEGERI 233 DAMPANG	Kec. Gantarang	25	24	20	29	15	30	-	-	-	-	-	-	-	
SD	SD NEGERI 72 BAMBAUNGANG	Kec. Bulukumpa	11	5	7	9	10	10	-	-	-	-	-	-	-	
SD	SD NEGERI 22 ALLU	Kec. Ujung Loe	30	28	30	35	35	30	-	-	-	-	-	-	-	
SD	SDN 353 ULUPARANG	Kec. Kindang	25	27	21	20	32	13	-	-	-	-	-	-	-	
SD	SD NEGERI 87 BUTTAKEKE	Kec. Rilau Ale	34	23	39	29	34	35	-	-	-	-	-	-	-	
SD	SD NEGERI 313 PAPINJENG	Kec. Kajang	11	15	11	17	15	15	-	-	-	-	-	-	-	
SD	SD NEGERI 88 BATUKAROPA	Kec. Rilau Ale	15	21	20	24	29	24	-	-	-	-	-	-	-	
SD	SD NEGERI 190 TANAH JAYA	Kec. Kajang	13	7	12	12	7	8	-	-	-	-	-	-	-	
SD	SD NEGERI 149 TAMALALA	Kec. Bontotiro	17	15	20	21	13	20	-	-	-	-	-	-	-	
SD	SD NEGERI 345 SAMAKORE	Kec. Bontotiro	11	12	8	7	13	17	-	-	-	-	-	-	-	
SD	SD NEGERI 161 ARA	Kec. Bontobahari	21	13	18	27	18	17	-	-	-	-	-	-	-	
SD	SD NEGERI 210 BONTOMINASA	Kec. Bulukumpa	27	22	32	41	27	20	-	-	-	-	-	-	-	
SD	SD NEGERI 91 MUNTE	Kec. Bulukumpa	12	18	13	16	16	13	-	-	-	-	-	-	-	
SD	SD NEGERI 64 BALANGBESSI	Kec. Bulukumpa	20	14	14	16	9	16	-	-	-	-	-	-	-	
SD	SD NEGERI 255 PARANGLOHE	Kec. Herlang	10	11	8	13	11	13	-	-	-	-	-	-	-	
SD	SD NEGERI 116 USA	Kec. Kajang	20	14	19	10	18	15	-	-	-	-	-	-	-	
SD	SD NEGERI 267 DAULELE	Kec. Kajang	19	14	20	17	17	18	-	-	-	-	-	-	-	
SD	SD NEGERI .172 BORONGKALUKUE	Kec. Ujung Bulu	52	49	50	43	52	39	-	-	-	-	-	-	-	
SD	SD NEGERI 256 KAJANG	Kec. Herlang	5	8	13	14	9	10	-	-	-	-	-	-	-	
SD	SD NEGERI 162 ARA	Kec. Bontobahari	19	25	12	17	18	17	-	-	-	-	-	-	-	
SD	SD NEGERI 153 TOMBOLO	Kec. Bontotiro	10	17	20	12	16	17	-	-	-	-	-	-	-	
SD	SD NEGERI 100 CENTRE KAJANG	Kec. Kajang	47	41	45	38	38	47	-	-	-	-	-	-	-	
SD	SD NEGERI 181 TANAHKONGKONG	Kec. Ujung Bulu	26	56	31	40	38	38	-	-	-	-	-	-	-	
SD	SD NEGERI 118 LEMBANG TUMBU	Kec. Herlang	20	22	16	16	11	15	-	-	-	-	-	-	-	
SD	SD NEGERI 103 KALIMPORO	Kec. Kajang	28	31	22	38	33	24	-	-	-	-	-	-	-	
SD	SD NEGERI 260 EREKEKE	Kec. Bontotiro	11	3	4	11	10	4	-	-	-	-	-	-	-	
SD	SD NEGERI 276 CAMPULEA	Kec. Rilau Ale	19	19	23	24	26	20	-	-	-	-	-	-	-	
SD	SD NEGERI 228 GATTARENG	Kec. Gantarang	18	14	9	15	22	27	-	-	-	-	-	-	-	
SD	SD NEGERI 143 PARA	Kec. Bontotiro	18	12	24	22	18	14	-	-	-	-	-	-	-	
SD	SD NEGERI 315 KAROSI	Kec. Herlang	22	21	30	20	13	20	-	-	-	-	-	-	-	
SD	SD NEGERI 329 PALAMBARAE	Kec. Gantarang	37	43	33	46	41	31	-	-	-	-	-	-	-	
SD	SD NEGERI 53 PABBAMBAENG.	Kec. Kindang	21	23	45	28	41	43	-	-	-	-	-	-	-	
SD	SD NEGERI 300 BONTO TANAE	Kec. Gantarang	35	23	22	22	14	17	-	-	-	-	-	-	-	
SD	SD NEGERI 95 BONTOBULAENG	Kec. Bulukumpa	13	11	12	12	10	15	-	-	-	-	-	-	-	
SD	SD NEGERI 20 MANYAMPA	Kec. Ujung Loe	14	13	21	23	21	17	-	-	-	-	-	-	-	
SD	SD NEGERI 179 TANAH BERU	Kec. Bontobahari	48	46	49	49	38	50	-	-	-	-	-	-	-	
SD	SD NEGERI 104 JANNAYA	Kec. Kajang	32	16	21	24	16	18	-	-	-	-	-	-	-	
SD	SD NEGERI 219 ARA	Kec. Bontobahari	13	8	12	4	10	11	-	-	-	-	-	-	-	
SD	SD NEGERI 13 SALEMBA	Kec. Ujung Loe	19	21	30	32	41	32	-	-	-	-	-	-	-	
SD	SD NEGERI 306 MARANA	Kec. Rilau Ale	3	10	6	9	7	6	-	-	-	-	-	-	-	
SD	SD NEGERI 236 KINDANG	Kec. Kindang	17	18	14	10	16	10	-	-	-	-	-	-	-	
SD	SD NEGERI 134 KALUMPANG	Kec. Bontotiro	9	10	9	9	12	13	-	-	-	-	-	-	-	
SD	SD NEGERI 283 GANTING	Kec. Kajang	24	22	29	32	28	20	-	-	-	-	-	-	-	
SD	SD NEGERI 128 TURUNGAN BERU	Kec. Herlang	41	39	34	32	37	31	-	-	-	-	-	-	-	
SD	SD NEGERI 295 BALONG	Kec. Ujung Loe	23	26	27	27	18	15	-	-	-	-	-	-	-	
SD	SD NEGERI 138 BASOKENG	Kec. Bontotiro	9	12	13	13	11	11	-	-	-	-	-	-	-	
SD	SD NEGERI 264 BIRA	Kec. Bontobahari	16	12	9	9	15	14	-	-	-	-	-	-	-	
SD	SD NEGERI 351 KAWASAN	Kec. Kajang	24	24	33	30	32	15	-	-	-	-	-	-	-	
SD	SD NEGERI 74 TAMARELLANG	Kec. Bulukumpa	26	24	29	23	28	21	-	-	-	-	-	-	-	
SD	SD NEGERI 310 NANASAYA	Kec. Kajang	4	7	6	7	5	3	-	-	-	-	-	-	-	
SD	SD NEGERI 327 MATEKKO	Kec. Gantarang	29	23	31	24	21	21	-	-	-	-	-	-	-	
SD	SD NEGERI 67 LOISA	Kec. Bulukumpa	16	15	19	16	12	11	-	-	-	-	-	-	-	
SD	SD NEGERI 30 GATTARANG	Kec. Gantarang	12	20	21	17	21	25	-	-	-	-	-	-	-	
SD	SD NEGERI 185 BIALO	Kec. Gantarang	21	16	21	25	22	16	-	-	-	-	-	-	-	
SD	SD NEGERI 180 BENTENGE	Kec. Ujung Bulu	23	23	27	27	28	21	-	-	-	-	-	-	-	
SD	SD NEGERI 147 MATTOANGING 2	Kec. Bontotiro	8	5	8	9	11	9	-	-	-	-	-	-	-	
SD	SD NEGERI 178 TULEKKO	Kec. Bontotiro	27	23	20	21	22	18	-	-	-	-	-	-	-	
SD	SD NEGERI 60 TANETE	Kec. Bulukumpa	39	28	31	29	33	29	-	-	-	-	-	-	-	
SD	SD NEGERI 342 PAOREMBAYA	Kec. Herlang	30	24	44	29	22	30	-	-	-	-	-	-	-	
SD	SD NEGERI 324 TAKKUE	Kec. Ujung Loe	32	19	29	25	30	19	-	-	-	-	-	-	-	
SD	SD NEGERI 301 KALUKU	Kec. Kindang	36	24	20	24	24	20	-	-	-	-	-	-	-	
SD	SD NEGERI 122 BATUPANYU	Kec. Herlang	7	12	9	10	10	13	-	-	-	-	-	-	-	
SD	SD NEGERI 251 GANTA	Kec. Kajang	30	24	17	24	17	18	-	-	-	-	-	-	-	
SD	SD NEGERI 257 BADDOA	Kec. Herlang	22	27	19	19	23	18	-	-	-	-	-	-	-	
SD	SD NEGERI 81 PALAMPANG	Kec. Rilau Ale	34	16	25	20	32	23	-	-	-	-	-	-	-	
SD	SD NEGERI 186 MATTIROWALIE	Kec. Kindang	25	28	26	30	34	29	-	-	-	-	-	-	-	
SD	SD NEGERI 200 DANNUANG	Kec. Ujung Loe	35	25	29	26	17	23	-	-	-	-	-	-	-	
SD	SD NEGERI 199 TANAH KONGKONG	Kec. Ujung Bulu	23	28	22	32	22	25	-	-	-	-	-	-	-	
SD	SD NEGERI 201 GARANTA	Kec. Ujung Loe	13	13	17	18	16	16	-	-	-	-	-	-	-	
SD	SD NEGERI 25 LONRONG	Kec. Ujung Loe	5	6	10	5	18	9	-	-	-	-	-	-	-	
SD	SD NEGERI 58 TANETE	Kec. Bulukumpa	27	21	29	46	30	45	-	-	-	-	-	-	-	
SD	SD NEGERI 282 TUBOGA	Kec. Kajang	19	21	19	18	21	18	-	-	-	-	-	-	-	
SD	SD NEGERI 173 MATEKKO	Kec. Gantarang	52	53	37	46	48	30	-	-	-	-	-	-	-	
SD	SD NEGERI 325 JATIA	Kec. Ujung Loe	24	20	12	30	21	17	-	-	-	-	-	-	-	
SD	SD NEGERI 63 CILALLANG	Kec. Bulukumpa	23	26	38	33	33	37	-	-	-	-	-	-	-	
SD	SD NEGERI 216 LEMBANNA	Kec. Kajang	12	11	11	11	11	6	-	-	-	-	-	-	-	
SD	SD NEGERI 4 BENTENGE	Kec. Ujung Bulu	14	21	15	19	15	24	-	-	-	-	-	-	-	
SD	SD NEGERI 52 GARUNTUNGAN.	Kec. Kindang	18	14	6	15	19	8	-	-	-	-	-	-	-	
SD	SD NEGERI 250 KOLI	Kec. Kajang	15	14	29	18	17	10	-	-	-	-	-	-	-	
SD	SDN 1 TERANG	Kec. Ujung Bulu	33	29	30	23	31	27	-	-	-	-	-	-	-	
SD	SD NEGERI 246 BONTOMANAI	Kec. Rilau Ale	26	25	26	40	23	27	-	-	-	-	-	-	-	
SD	SD NEGERI 253 TANUNTUNG	Kec. Herlang	4	5	6	9	5	10	-	-	-	-	-	-	-	
SD	SD NEGERI 321 ARA	Kec. Bontobahari	2	4	9	10	6	13	-	-	-	-	-	-	-	
SD	SD NEGERI 42 GATTARENG	Kec. Gantarang	26	14	17	13	19	10	-	-	-	-	-	-	-	
SD	SD NEGERI . 280 BONTOMINASA	Kec. Bulukumpa	18	10	9	11	14	13	-	-	-	-	-	-	-	
SD	SD NEGERI 18 PALANGISANG	Kec. Ujung Loe	33	29	23	25	24	22	-	-	-	-	-	-	-	
SD	SDN 277 PANGI	Kec. Rilau Ale	11	16	14	14	18	18	-	-	-	-	-	-	-	
SD	SD NEGERI 135 ERELEBU	Kec. Bontotiro	12	11	13	14	18	11	-	-	-	-	-	-	-	
SD	SD NEGERI 73 KASESENG	Kec. Bulukumpa	11	13	13	16	12	10	-	-	-	-	-	-	-	
SD	SD NEGERI 109 KAJANG KEKE	Kec. Kajang	12	13	18	21	22	30	-	-	-	-	-	-	-	
SD	SD NEGERI 127 BONTOA	Kec. Herlang	12	13	15	16	11	12	-	-	-	-	-	-	-	
SD	SD NEGERI 266 TOROLIYA	Kec. Gantarang	6	6	12	10	10	16	-	-	-	-	-	-	-	
SD	SD NEGERI 215 DASSA	Kec. Kajang	50	46	46	47	37	21	-	-	-	-	-	-	-	
SD	SD NEGERI 211 PALAMPANG	Kec. Rilau Ale	18	19	23	20	27	31	-	-	-	-	-	-	-	
SD	SDN NEGERI 328 GATTARENG	Kec. Gantarang	18	15	21	19	9	18	-	-	-	-	-	-	-	
SD	SD NEGERI 284 TANAH JAYA	Kec. Kajang	5	3	5	10	4	6	-	-	-	-	-	-	-	
SD	SD NEGERI 123 PATARO	Kec. Herlang	6	14	11	13	7	11	-	-	-	-	-	-	-	
SD	SD NEGERI 51 PARANGSILIBBO.	Kec. Kindang	24	37	23	23	24	26	-	-	-	-	-	-	-	
SD	SD NEGERI 97 SAMPEANG	Kec. Rilau Ale	37	30	25	45	47	37	-	-	-	-	-	-	-	
SD	SD NEGERI 24 SALEMBA	Kec. Ujung Bulu	95	95	91	83	79	82	-	-	-	-	-	-	-	
SD	SD NEGERI 245 BATUTOMPO	Kec. Rilau Ale	31	32	34	39	25	40	-	-	-	-	-	-	-	
SD	SD NEGERI 137 CARAMMING	Kec. Bontotiro	15	18	25	26	13	19	-	-	-	-	-	-	-	
SD	SD NEGERI 141 SALU	Kec. Bontotiro	8	14	17	18	8	9	-	-	-	-	-	-	-	
SD	SD NEGERI 50 PALIOI	Kec. Kindang	38	14	20	28	16	18	-	-	-	-	-	-	-	
SD	SD NEGERI 176 TAMBANGAN	Kec. Kajang	6	11	15	14	18	13	-	-	-	-	-	-	-	
SD	SD NEGERI 352 NANA	Kec. Kindang	6	15	5	16	14	1	-	-	-	-	-	-	-	
SD	SD NEGERI 148 BONTOBULAENG	Kec. Bontotiro	7	5	9	12	16	11	-	-	-	-	-	-	-	
SD	SD NEGERI 288 LIANG	Kec. Herlang	24	17	14	18	14	19	-	-	-	-	-	-	-	
SD	SD NEGERI 294 PADANGLOANG	Kec. Ujung Loe	21	22	27	32	31	38	-	-	-	-	-	-	-	
SD	SD NEGERI 262 TANAH LEMO	Kec. Bontobahari	21	16	27	14	23	26	-	-	-	-	-	-	-	
SD	SD NEGERI 150 UPASAYA	Kec. Bontotiro	15	10	18	20	13	18	-	-	-	-	-	-	-	
SD	SD NEGERI 326 BAMPANG	Kec. Ujung Loe	21	19	17	17	10	15	-	-	-	-	-	-	-	
SD	SD NEGERI 124 BATUASANG	Kec. Herlang	16	14	17	14	14	20	-	-	-	-	-	-	-	
SD	SD NEGERI 202 BALLEANGING	Kec. Ujung Loe	23	18	22	23	22	22	-	-	-	-	-	-	-	
SD	SD NEGERI 33 BARABBA	Kec. Gantarang	18	14	24	15	19	16	-	-	-	-	-	-	-	
SD	SD NEGERI 249 DALOBA	Kec. Kajang	29	25	27	27	29	31	-	-	-	-	-	-	-	
SD	SD NEGERI 167 KASUSO	Kec. Bontobahari	16	11	28	18	24	14	-	-	-	-	-	-	-	
SD	SD NEGERI 164 ARA	Kec. Bontobahari	3	5	6	5	4	5	-	-	-	-	-	-	-	
SD	SD NEGERI 56 BALANGDIDI	Kec. Kindang	21	28	13	13	20	23	-	-	-	-	-	-	-	
SD	SD NEGERI 105 SANGKALA	Kec. Kajang	73	47	36	24	38	51	-	-	-	-	-	-	-	
SD	SD NEGERI 171 LOKA	Kec. Ujung Bulu	67	58	68	56	61	76	-	-	-	-	-	-	-	
SD	SD NEGERI 41 MATEKKO	Kec. Gantarang	70	73	80	64	55	57	-	-	-	-	-	-	-	
SD	SD NEGERI 31 BONTOMACINNA	Kec. Gantarang	58	63	67	68	75	43	-	-	-	-	-	-	-	
SD	SD NEGERI 57 ORO	Kec. Kindang	24	26	15	19	21	16	-	-	-	-	-	-	-	
SD	SD NEGERI 296 TAMATTO	Kec. Ujung Loe	6	8	10	8	13	6	-	-	-	-	-	-	-	
SD	SD NEGERI TERPENCIL 350 KAHAYA	Kec. Kindang	30	18	24	22	13	20	-	-	-	-	-	-	-	
SD	SD NEGERI 15 MANJALLING	Kec. Ujung Loe	25	25	22	26	24	26	-	-	-	-	-	-	-	
SD	SDN 337 MALLOMBONG	Kec. Kajang	30	22	18	16	22	17	-	-	-	-	-	-	-	
SD	SD NEGERI 265 BINTARORE	Kec. Ujung Bulu	35	30	25	26	17	30	-	-	-	-	-	-	-	
SD	SD NEGERI 151 TIMBULA	Kec. Bontotiro	30	22	24	24	18	20	-	-	-	-	-	-	-	
SD	SD NEGERI 59 TANETE	Kec. Bulukumpa	22	26	23	27	33	20	-	-	-	-	-	-	-	
SD	SD NEGERI 252 SAPIRI	Kec. Kajang	18	10	14	20	25	10	-	-	-	-	-	-	-	
SD	SD NEGERI 62 WAEPEJJE	Kec. Bulukumpa	22	20	18	20	24	19	-	-	-	-	-	-	-	
SD	SD NEGERI 223 GARANTA	Kec. Ujung Loe	29	32	36	44	34	39	-	-	-	-	-	-	-	
SD	SD NEGERI 270 DANNUANG	Kec. Ujung Loe	26	29	31	23	23	23	-	-	-	-	-	-	-	
SD	SD NEGERI 129 BONTOSUKA	Kec. Herlang	9	13	12	15	17	17	-	-	-	-	-	-	-	
SD	SD NEGERI 2 TERANG	Kec. Ujung Bulu	109	94	86	99	83	86	-	-	-	-	-	-	-	
SD	SD NEGERI 165 BIRA	Kec. Bontobahari	9	11	15	22	22	17	-	-	-	-	-	-	-	
SD	SD NEGERI 343 TUGONDENG	Kec. Herlang	11	10	11	18	10	9	-	-	-	-	-	-	-	
SD	SD NEGERI 213 HULO	Kec. Bulukumpa	13	9	17	28	22	16	-	-	-	-	-	-	-	
SD	SD NEGERI 70 BULO	Kec. Bulukumpa	26	14	14	17	21	18	-	-	-	-	-	-	-	
SD	SD NEGERI 286 MALLOMBONG	Kec. Herlang	13	18	12	17	15	14	-	-	-	-	-	-	-	
SD	SD NEGERI 35 BONTO SUNGGU	Kec. Gantarang	24	16	17	19	25	19	-	-	-	-	-	-	-	
SD	SD NEGERI 198 BIRA	Kec. Bontobahari	27	28	22	26	22	24	-	-	-	-	-	-	-	
SD	SD NEGERI 242 GALUNG BODDONG	Kec. Rilau Ale	28	24	31	20	18	26	-	-	-	-	-	-	-	
SD	SD NEGERI 192 TANAHTOWA	Kec. Kajang	43	48	56	37	45	45	-	-	-	-	-	-	-	
SD	SD NEGERI 194 MACINNA	Kec. Herlang	23	13	23	19	25	25	-	-	-	-	-	-	-	
SD	SD NEGERI 212 BONTOBANGUN	Kec. Rilau Ale	32	24	18	20	31	24	-	-	-	-	-	-	-	
SD	SD NEGERI 188 BONTO BULAENG	Kec. Bulukumpa	16	19	27	27	21	23	-	-	-	-	-	-	-	
SD	SD NEGERI 302 LATTAE	Kec. Kindang	17	12	13	14	17	25	-	-	-	-	-	-	-	
SD	SD NEGERI 110 BUNJA	Kec. Kajang	28	19	20	23	27	13	-	-	-	-	-	-	-	
SD	SD NEGERI 184 PALAMBARAE	Kec. Gantarang	29	42	43	26	36	43	-	-	-	-	-	-	-	
SD	SD NEGERI 175 BULO	Kec. Bulukumpa	26	20	23	39	29	25	-	-	-	-	-	-	-	
SD	SD NEGERI 10 ELA	Kec. Ujung Bulu	22	28	33	31	47	31	-	-	-	-	-	-	-	
SD	SD ISLAM TERPADU WAHDAH ISLAMIYAH BULUKUMBA	Kec. Ujung Bulu	56	44	30	34	21	29	-	-	-	-	-	-	-	
SD	SD NEGERI 169 TOKALA	Kec. Bontobahari	25	15	13	13	8	13	-	-	-	-	-	-	-	
SD	SD NEGERI 238 MATTOANGING	Kec. Bulukumpa	9	13	13	15	7	4	-	-	-	-	-	-	-	
SD	SD NEGERI 331 BORONG TELLU	Kec. Gantarang	24	20	30	24	14	17	-	-	-	-	-	-	-	
SD	SD NEGERI 48 GANTING.	Kec. Kindang	19	20	20	20	16	12	-	-	-	-	-	-	-	
SD	SD NEGERI 139 LAMANDA	Kec. Bontotiro	16	21	23	14	16	22	-	-	-	-	-	-	-	
SD	SD NEGERI 208 KINDANG	Kec. Kindang	24	21	28	19	30	29	-	-	-	-	-	-	-	
SD	SD NEGERI 112 BARANG	Kec. Kajang	19	17	11	19	17	18	-	-	-	-	-	-	-	
SD	SD NEGERI 224 GARANTA	Kec. Ujung Loe	37	27	35	27	25	29	-	-	-	-	-	-	-	
SD	SD NEGERI 291 LOBI	Kec. Bontotiro	14	12	11	12	6	9	-	-	-	-	-	-	-	
SD	SD NEGERI 335 KACIBO	Kec. Rilau Ale	20	13	11	13	12	7	-	-	-	-	-	-	-	
SD	SD NEGERI 341 BATU	Kec. Herlang	6	10	12	10	14	5	-	-	-	-	-	-	-	
SD	SD NEGERI 132 BABALOHE	Kec. Herlang	14	16	16	15	17	12	-	-	-	-	-	-	-	
SD	SD NEGERI 5 APPASARENGE	Kec. Ujung Bulu	21	31	26	32	27	24	-	-	-	-	-	-	-	
SD	SD NEGERI 168 DANGKE	Kec. Bontobahari	15	12	13	14	17	17	-	-	-	-	-	-	-	
SD	SD NEGERI 347 TABBINGSITOA	Kec. Bontotiro	5	5	4	6	9	8	-	-	-	-	-	-	-	
SD	SD NEGERI 159 LIMBUA	Kec. Bontobahari	20	14	12	19	17	14	-	-	-	-	-	-	-	
SD	SD NEGERI 144 BUHUNGLANTANG	Kec. Bontotiro	12	14	13	17	15	13	-	-	-	-	-	-	-	
SD	SD NEGERI 334 BINUANG	Kec. Bulukumpa	5	8	11	7	7	9	-	-	-	-	-	-	-	
SD	SD NEGERI 152 JATIA	Kec. Bontotiro	7	14	18	13	17	14	-	-	-	-	-	-	-	
SD	SD NEGERI 332 PULONGGO	Kec. Bulukumpa	8	2	4	7	7	5	-	-	-	-	-	-	-	
SD	SD NEGERI 339 DUMPU	Kec. Kajang	16	12	15	25	9	19	-	-	-	-	-	-	-	
SD	SD NEGERI 126 BORONG	Kec. Herlang	9	9	7	9	21	0	-	-	-	-	-	-	-	
SD	SD NEGERI 239 SARAJOKO	Kec. Bulukumpa	14	25	13	11	8	11	-	-	-	-	-	-	-	
SD	SD NEGERI 323 TOKOMBENG	Kec. Ujung Loe	20	29	21	24	14	22	-	-	-	-	-	-	-	
SD	SD NEGERI 163 ARA	Kec. Bontobahari	36	30	22	20	23	20	-	-	-	-	-	-	-	
SD	SD NEGERI 234 MATTIROWALIE	Kec. Kindang	21	18	27	29	29	27	-	-	-	-	-	-	-	
SD	SD NEGERI 258 SAKUI KUI	Kec. Bontotiro	13	13	10	12	14	9	-	-	-	-	-	-	-	
SD	SD NEGERI 309 DUMPU	Kec. Kajang	11	19	16	18	13	14	-	-	-	-	-	-	-	
SD	SD NEGERI 76 BARUGA RIATTANG	Kec. Bulukumpa	15	16	16	13	26	16	-	-	-	-	-	-	-	
SD	SD NEGERI 23 PADANGLOANG	Kec. Ujung Loe	40	28	25	35	27	19	-	-	-	-	-	-	-	
SD	SD NEGERI 241 BARUGAE	Kec. Bulukumpa	14	11	13	12	14	14	-	-	-	-	-	-	-	
SD	SD NEGERI 142 PAKUBALAHO	Kec. Bontotiro	10	20	16	12	11	17	-	-	-	-	-	-	-	
SD	SD NEGERI 108 GANTA	Kec. Kajang	20	11	22	20	30	21	-	-	-	-	-	-	-	
SD	SD NEGERI 218 BATANG	Kec. Bontotiro	12	14	12	9	12	10	-	-	-	-	-	-	-	
SD	SD NEGERI 209 TANETE	Kec. Bulukumpa	15	20	24	14	11	11	-	-	-	-	-	-	-	
SD	SD NEGERI 107 MACCINI	Kec. Kajang	22	26	23	35	28	24	-	-	-	-	-	-	-	
SD	SD NEGERI 111 KASSIBUTA	Kec. Kajang	47	35	42	34	36	32	-	-	-	-	-	-	-	
SD	SD NEGERI 83 PANGI	Kec. Rilau Ale	29	28	32	38	35	19	-	-	-	-	-	-	-	
SD	SD NEGERI 99 SALASSAE	Kec. Bulukumpa	13	10	12	17	12	13	-	-	-	-	-	-	-	
SD	SD NEGERI 117 LEMBANG TUMBU	Kec. Herlang	18	11	18	15	25	19	-	-	-	-	-	-	-	
SD	SD NEGERI 44 DAMPANG	Kec. Gantarang	38	36	29	46	44	42	-	-	-	-	-	-	-	
SD	SD NEGERI 203 BONTOMACINNA	Kec. Gantarang	26	23	27	36	32	30	-	-	-	-	-	-	-	
SD	SD NEGERI 39 BONTO NYELENG	Kec. Gantarang	35	30	44	41	34	28	-	-	-	-	-	-	-	
SD	SD NEGERI 154 TULEKKO	Kec. Bontotiro	4	9	9	13	20	11	-	-	-	-	-	-	-	
SD	SD NEGERI 38 GATTARENG	Kec. Gantarang	59	21	37	39	36	24	-	-	-	-	-	-	-	
SD	SD NEGERI 85 BINGKARONGO	Kec. Rilau Ale	22	31	22	28	25	25	-	-	-	-	-	-	-	
SD	SD NEGERI 46 MATTIROWALIE	Kec. Kindang	27	25	25	25	25	23	-	-	-	-	-	-	-	
SD	SD NEGERI 40 BONTO NYELENG	Kec. Gantarang	27	21	19	22	15	14	-	-	-	-	-	-	-	
SD	SD NEGERI 271 GARANTA	Kec. Ujung Loe	21	16	13	17	16	11	-	-	-	-	-	-	-	
SD	SD NEGERI 47 ANRIHUA.	Kec. Kindang	18	18	25	21	13	28	-	-	-	-	-	-	-	
SD	SD NEGERI 318 KARRINGA	Kec. Herlang	14	13	12	10	10	11	-	-	-	-	-	-	-	
SD	SD NEGERI 269 BALLEANGING	Kec. Ujung Loe	32	27	28	25	22	21	-	-	-	-	-	-	-	
SD	SD NEGERI 101 KAJANG II	Kec. Kajang	32	42	32	44	26	25	-	-	-	-	-	-	-	
SD	SD NEGERI 225 ALLU	Kec. Ujung Loe	21	21	21	21	17	22	-	-	-	-	-	-	-	
SD	SD NEGERI 36 BONTOSUNGGU	Kec. Gantarang	19	10	17	15	10	22	-	-	-	-	-	-	-	
SD	SD NEGERI 305 TA GENTUNG	Kec. Bulukumpa	9	9	5	9	9	14	-	-	-	-	-	-	-	
SD	SD NEGERI 177 BATUASANG	Kec. Herlang	14	10	14	18	15	18	-	-	-	-	-	-	-	
SD	SD NEGERI 183 GARANTA	Kec. Ujung Loe	29	25	35	45	33	28	-	-	-	-	-	-	-	
SD	SD NEGERI 66 BALANGRIRI	Kec. Bulukumpa	14	16	18	21	15	20	-	-	-	-	-	-	-	
SD	SD NEGERI 79 LAJAE	Kec. Bulukumpa	18	30	24	32	31	21	-	-	-	-	-	-	-	
SD	SD NEGERI 261 BILAMPOROA	Kec. Bontotiro	10	12	11	11	12	9	-	-	-	-	-	-	-	
SD	SD NEGERI 84 PANGI	Kec. Rilau Ale	18	22	10	27	21	22	-	-	-	-	-	-	-	
SD	SD NEGERI 34 BIALO	Kec. Gantarang	23	20	20	21	8	15	-	-	-	-	-	-	-	
SD	SD NEGERI 133 HILA	Kec. Bontotiro	10	10	9	18	10	10	-	-	-	-	-	-	-	
SD	SD NEGERI 349 MAMPUA	Kec. Ujung Loe	11	6	7	11	7	12	-	-	-	-	-	-	-	
SD	SD NEGERI 146 MATTOANGIN	Kec. Bontotiro	10	17	21	20	16	21	-	-	-	-	-	-	-	
SD	SD NEGERI 16 ULUTEDONG	Kec. Ujung Loe	43	45	46	57	53	56	-	-	-	-	-	-	-	
SD	SD NEGERI 29 BONTOMACINNA	Kec. Gantarang	26	29	39	41	21	24	-	-	-	-	-	-	-	
SD	SD NEGERI 80 BULUKUMPA	Kec. Bulukumpa	29	30	19	40	22	26	-	-	-	-	-	-	-	
SD	SD NEGERI 61 BALLEANGING	Kec. Bulukumpa	23	14	18	22	15	17	-	-	-	-	-	-	-	
SD	SD NEGERI 106 LABOJO	Kec. Kajang	8	16	18	13	17	18	-	-	-	-	-	-	-	
SD	SD NEGERI 82 PALAMPANG	Kec. Rilau Ale	30	21	22	24	32	18	-	-	-	-	-	-	-	
SD	SD NEGERI 3 KASIMPURENG	Kec. Ujung Bulu	107	76	89	91	75	93	-	-	-	-	-	-	-	
SD	SD NEGERI 160TARAMPANG	Kec. Bontobahari	42	54	42	30	31	44	-	-	-	-	-	-	-	
SD	SD NEGERI 221 TANAHKONGKONG	Kec. Ujung Bulu	95	80	84	84	73	63	-	-	-	-	-	-	-	
SD	SD NEGERI 136 SALOBUNDANG	Kec. Bontotiro	13	20	20	19	7	14	-	-	-	-	-	-	-	
SD	SD NEGERI 92 PANGALLOANG	Kec. Rilau Ale	26	23	12	23	14	17	-	-	-	-	-	-	-	
SD	SD NEGERI 248 LAIKANG	Kec. Kajang	10	15	11	10	16	20	-	-	-	-	-	-	-	
SD	SD NEGERI 298 CABALU	Kec. Gantarang	18	16	16	19	15	19	-	-	-	-	-	-	-	
SD	SD NEGERI 14 BABANA	Kec. Ujung Loe	45	56	63	40	56	49	-	-	-	-	-	-	-	
SD	SD NEGERI 11 KALUMEME	Kec. Ujung Bulu	47	37	49	47	51	50	-	-	-	-	-	-	-	
SD	SD NEGERI 304 BATUHULANG	Kec. Bulukumpa	9	16	16	18	17	12	-	-	-	-	-	-	-	
SD	SD NEGERI 69 ANNISIA	Kec. Bulukumpa	14	15	16	21	13	16	-	-	-	-	-	-	-	
SD	SD NEGERI 170 LIUKANG LOE	Kec. Bontobahari	7	14	12	16	17	14	-	-	-	-	-	-	-	
SD	SD NEGERI 68 TIBONA	Kec. Bulukumpa	20	21	34	28	20	32	-	-	-	-	-	-	-	
SD	SD NEGERI 240 HARUE	Kec. Bulukumpa	10	14	10	11	10	11	-	-	-	-	-	-	-	
SD	SD NEGERI 259 SAMBOANG	Kec. Bontotiro	6	6	11	9	11	11	-	-	-	-	-	-	-	
SD	SD NEGERI 273 BORONGRAPPOA	Kec. Kindang	21	23	19	17	17	19	-	-	-	-	-	-	-	
SD	SD NEGERI 232 DAMPANG	Kec. Gantarang	19	17	20	22	18	24	-	-	-	-	-	-	-	
SD	SD NEGERI 344 ALORANG	Kec. Herlang	10	14	15	15	12	11	-	-	-	-	-	-	-	
SD	SD NEGERI 289 TALUMAYA	Kec. Bontotiro	10	14	10	11	7	9	-	-	-	-	-	-	-	
SD	SD NEGERI NO 93 MARANA	Kec. Rilau Ale	8	16	8	12	9	10	-	-	-	-	-	-	-	
SD	SD NEGERI 96 GALUNG BODDONG	Kec. Bulukumpa	6	7	11	6	4	2	-	-	-	-	-	-	-	
SD	SD NEGERI 303 PALIPUNGANG	Kec. Rilau Ale	5	10	14	15	7	16	-	-	-	-	-	-	-	
SD	SD NEGERI 237 LEMBANG	Kec. Bulukumpa	9	24	26	24	27	23	-	-	-	-	-	-	-	
SD	SD NEGERI 317 BORONG	Kec. Herlang	6	5	5	9	6	7	-	-	-	-	-	-	-	
SD	SD NEGERI 140 KALERASANG	Kec. Bontotiro	10	3	9	7	4	14	-	-	-	-	-	-	-	
SD	SD NEGERI 12 BABANA	Kec. Ujung Loe	22	23	23	20	23	20	-	-	-	-	-	-	-	
SD	SD NEGERI 119 KARASSING	Kec. Herlang	14	21	18	26	20	17	-	-	-	-	-	-	-	
SD	SD NEGERI 322 ELA	Kec. Ujung Bulu	25	15	26	22	14	17	-	-	-	-	-	-	-	
SD	SD NEGERI 174 ANRIHUA	Kec. Kindang	41	31	33	30	28	11	-	-	-	-	-	-	-	
SD	SD NEGERI 314 MARANA	Kec. Herlang	19	10	12	12	10	9	-	-	-	-	-	-	-	
SD	SD NEGERI 197 SAPOLOHE	Kec. Bontobahari	43	46	40	42	37	36	-	-	-	-	-	-	-	
SD	SD NEGERI 299 BONTO MACINNA	Kec. Gantarang	24	18	20	23	20	12	-	-	-	-	-	-	-	
SD	SD NEGERI 166 BIRA	Kec. Bontobahari	13	12	19	21	13	16	-	-	-	-	-	-	-	
SD	SD NEGERI 102 LAIKANG	Kec. Kajang	15	10	12	10	18	11	-	-	-	-	-	-	-	
SD	SD NEGERI 292 BIRA	Kec. Bontobahari	5	8	6	11	6	9	-	-	-	-	-	-	-	
SD	SD NEGERI 28 BONTOMACINNA	Kec. Gantarang	14	15	12	11	9	9	-	-	-	-	-	-	-	
SD	SD NEGERI 308 BUNGAYA	Kec. Kajang	9	4	9	6	9	4	-	-	-	-	-	-	-	
SD	SD NEGERI 278 PAKOMBONG	Kec. Bulukumpa	25	26	17	24	21	27	-	-	-	-	-	-	-	
SD	SD NEGERI 125 SALIBANG	Kec. Herlang	5	8	8	16	21	19	-	-	-	-	-	-	-	
SD	SD NEGERI 156 KALUKUBODO	Kec. Bontobahari	14	9	9	9	17	10	-	-	-	-	-	-	-	
SD	SD NEGERI 43 MATTIROWALIE.	Kec. Kindang	34	28	35	35	26	37	-	-	-	-	-	-	-	
SD	SD NEGERI 189 BARUGAE	Kec. Bulukumpa	49	28	52	46	43	35	-	-	-	-	-	-	-	
SD	SD NEGERI 37 PALAMBARAE	Kec. Gantarang	36	47	47	51	42	44	-	-	-	-	-	-	-	
SD	SD NEGERI 231 BONTONYELENG	Kec. Gantarang	15	7	7	7	8	4	-	-	-	-	-	-	-	
SD	SD NEGERI 54 CAMPAGA	Kec. Kindang	20	17	22	22	23	25	-	-	-	-	-	-	-	
SD	SD NEGERI 275 GATTARENG	Kec. Gantarang	14	8	7	12	10	6	-	-	-	-	-	-	-	
SD	SD NEGERI 214 LOLISANG	Kec. Kajang	24	36	25	33	27	29	-	-	-	-	-	-	-	
SD	SD NEGERI NO 279 TALLE	Kec. Rilau Ale	27	10	22	29	37	19	-	-	-	-	-	-	-	
SD	SD NEGERI 272 BALLEANGING	Kec. Ujung Loe	40	22	32	27	50	25	-	-	-	-	-	-	-	
SD	SD NEGERI 330 RAOE	Kec. Gantarang	15	8	14	18	16	13	-	-	-	-	-	-	-	
SD	SD NEGERI 230 PALAMBARAE	Kec. Gantarang	64	62	48	50	47	36	-	-	-	-	-	-	-	
SD	SD NEGERI 121 EREINUNG	Kec. Herlang	3	5	14	7	9	5	-	-	-	-	-	-	-	
SD	SD NEGERI 333 TIBONA	Kec. Bulukumpa	18	10	9	13	20	12	-	-	-	-	-	-	-	
SD	SD NEGERI 217 KARASSING	Kec. Herlang	5	20	16	14	12	17	-	-	-	-	-	-	-	
SD	SD NEGERI 49 BORONGRAPPOA.	Kec. Kindang	27	29	43	27	22	25	-	-	-	-	-	-	-	
SD	SD NEGERI 268 JANNAKEKE	Kec. Bontotiro	6	5	11	10	9	5	-	-	-	-	-	-	-	
SD	SD NEGERI 229 GATTARENG	Kec. Gantarang	21	17	23	23	23	11	-	-	-	-	-	-	-	
SD	SD NEGERI 32 BARABBA	Kec. Gantarang	30	30	20	15	21	28	-	-	-	-	-	-	-	
SD	SD NEGERI 114 MALLELENG	Kec. Kajang	12	18	21	21	17	12	-	-	-	-	-	-	-	
SD	SD NEGERI 75 PETTUNGE	Kec. Bulukumpa	9	14	10	12	13	18	-	-	-	-	-	-	-	
SD	SD NEGERI 316 LASSANRU	Kec. Herlang	20	18	23	17	25	18	-	-	-	-	-	-	-	
SD	SD NEGERI 78 BONTOA	Kec. Bulukumpa	11	14	20	20	14	18	-	-	-	-	-	-	-	
SD	SD NEGERI 115 BALAGANA	Kec. Kajang	29	34	44	36	36	49	-	-	-	-	-	-	-	
SD	SD NEGERI 204 GATTARENG	Kec. Gantarang	18	18	12	22	17	15	-	-	-	-	-	-	-	
SD	SD NEGERI 155 TANAH BERU	Kec. Bontobahari	31	33	33	34	45	36	-	-	-	-	-	-	-	
SD	SD NEGERI 207 DAMPANG	Kec. Gantarang	13	18	11	15	14	17	-	-	-	-	-	-	-	
SD	SD NEGERI 71 BARUGAE	Kec. Bulukumpa	13	15	15	13	16	20	-	-	-	-	-	-	-	
SD	SD NEGERI 243 ELLEE	Kec. Bulukumpa	25	25	27	25	29	30	-	-	-	-	-	-	-	
SD	SD NEGERI 8 NIPA	Kec. Ujung Bulu	25	20	24	21	22	28	-	-	-	-	-	-	-	
SD	SD NEGERI 285 DASSA	Kec. Kajang	13	13	20	16	25	15	-	-	-	-	-	-	-	
SD	SD NEGERI 89 BATU KAROPA	Kec. Rilau Ale	21	20	24	26	24	25	-	-	-	-	-	-	-	
SD	SD NEGERI 338 JAMPANG	Kec. Kajang	21	21	22	31	20	20	-	-	-	-	-	-	-	
SD	SD NEGERI 77 BONTOBAJU	Kec. Bulukumpa	11	7	9	5	7	12	-	-	-	-	-	-	-	
SD	SD NEGERI 235 BORONGRAPPOA	Kec. Kindang	9	10	9	6	9	10	-	-	-	-	-	-	-	
SD	SD NEGERI 55 CIBOLLO	Kec. Kindang	22	22	22	22	18	18	-	-	-	-	-	-	-	
SD	SD NEGERI 205 BONTOSUNGGU	Kec. Gantarang	34	19	29	26	23	31	-	-	-	-	-	-	-	
SD	SD NEGERI 193 TANUNTUNG	Kec. Herlang	22	18	19	21	16	19	-	-	-	-	-	-	-	
SD	SD NEGERI 348 DOAJANG	Kec. Bontobahari	23	20	38	40	30	29	-	-	-	-	-	-	-	
SD	SD NEGERI 195 EKATIRO	Kec. Bontotiro	10	9	10	5	11	11	-	-	-	-	-	-	-	
SLB	SLBS ABCD DARMAWANITA HERLANG	Kec. Herlang	10	7	6	4	3	4	2	3	3	3	5	3	-	
SLB	SLB NEGERI BULUKUMBA	Kec. Ujung Bulu	12	7	10	15	16	3	8	6	6	4	4	2	-	
