Jenjang,Sekolah,Kecematan,1,2,3,4,5,6,7,8,9,10,11,12,13
SMA,SMAN 16 BULUKUMBA,Kec. Bontobahari,-,-,-,-,-,-,-,-,-,3,3,3,-
SMA,SMAN 3 BULUKUMBA,Kec. Bontobahari,-,-,-,-,-,-,-,-,-,9,9,7,-
SMA,SMAN 11 BULUKUMBA,Kec. Bontotiro,-,-,-,-,-,-,-,-,-,5,5,5,-
SMA,SMAN 10 BULUKUMBA,Kec. Rilau Ale,-,-,-,-,-,-,-,-,-,9,9,8,-
SMA,SMAS MUHAMMADIYAH BULUKUMBA,Kec. Ujung Bulu,-,-,-,-,-,-,-,-,-,1,2,2,-
SMA,SMAN 7 BULUKUMBA,Kec. Gantarang,-,-,-,-,-,-,-,-,-,7,7,7,-
SMA,SMAN 2 BULUKUMBA,Kec. Bulukumpa,-,-,-,-,-,-,-,-,-,10,10,9,-
SMA,SMAN 12 BULUKUMBA,Kec. Kindang,-,-,-,-,-,-,-,-,-,6,5,4,-
SMA,SMAN 8 BULUKUMBA,Kec. Ujung Bulu,-,-,-,-,-,-,-,-,-,9,9,9,-
SMA,SMAN 1 BULUKUMBA,Kec. Ujung Bulu,-,-,-,-,-,-,-,-,-,11,12,11,-
SMA,SMAN 14 BULUKUMBA,Kec. Bulukumpa,-,-,-,-,-,-,-,-,-,4,4,4,-
SMA,SMA  NEGERI 19 BULUKUMBA,Kec. Gantarang,-,-,-,-,-,-,-,-,-,2,2,0,-
SMA,SMAN 4 BULUKUMBA,Kec. Bontotiro,-,-,-,-,-,-,-,-,-,6,7,7,-
SMA,SMAN 6 BULUKUMBA,Kec. Herlang,-,-,-,-,-,-,-,-,-,9,9,9,-
SMA,SMAN 17 BULUKUMBA,Kec. Rilau Ale,-,-,-,-,-,-,-,-,-,2,2,2,-
SMA,SMAS PGRI BULUKUMBA,Kec. Ujung Bulu,-,-,-,-,-,-,-,-,-,0,1,1,-
SMA,SMAS KARYA SAHARI BULUKUMBA,Kec. Ujung Bulu,-,-,-,-,-,-,-,-,-,2,3,4,-
SMA,SMAN 15 BULUKUMBA,Kec. Ujung Loe,-,-,-,-,-,-,-,-,-,2,2,2,-
SMA,SMA NEGERI 18 BULUKUMBA,Kec. Kajang,-,-,-,-,-,-,-,-,-,5,4,5,-
SMA,SMAN 13 BULUKUMBA,Kec. Kajang,-,-,-,-,-,-,-,-,-,3,3,3,-
SMA,SMAN 5 BULUKUMBA,Kec. Kajang,-,-,-,-,-,-,-,-,-,9,10,9,-
SMA,SMAN 9 BULUKUMBA,Kec. Ujung Loe,-,-,-,-,-,-,-,-,-,10,10,8,-
SMK,SMKN 8 BULUKUMBA,Kec. Bulukumpa,-,-,-,-,-,-,-,-,-,4,3,3,0
SMK,SMKN 11 BULUKUMBA,Kec. Bulukumpa,-,-,-,-,-,-,-,-,-,4,2,0,0
SMK,SMKS AL IRSYAD BULUKUMBA,Kec. Ujung Bulu,-,-,-,-,-,-,-,-,-,0,1,2,0
SMK,SMKN 1 BULUKUMBA,Kec. Ujung Bulu,-,-,-,-,-,-,-,-,-,13,14,14,0
SMK,SMKN 10 BULUKUMBA,Kec. Gantarang,-,-,-,-,-,-,-,-,-,4,4,4,0
SMK,SMKN 9 BULUKUMBA,Kec. Bontotiro,-,-,-,-,-,-,-,-,-,2,1,1,0
SMK,SMKN 2 BULUKUMBA,Kec. Kindang,-,-,-,-,-,-,-,-,-,4,4,4,0
SMK,SMKN 6 PERKAPALAN BULUKUMBA,Kec. Bontobahari,-,-,-,-,-,-,-,-,-,5,2,5,0
SMK,SMKS KESEHATAN PHINISI BULUKUMBA,Kec. Ujung Bulu,-,-,-,-,-,-,-,-,-,1,1,1,0
SMK,SMKS TEKNOLOGI INFORMATIKA BULUKUMBA,Kec. Ujung Bulu,-,-,-,-,-,-,-,-,-,1,1,1,0
SMK,SMK CENDEKIA INSAN MANDIRI,Kec. Ujung Bulu,-,-,-,-,-,-,-,-,-,1,1,1,0
SMK,SMKS PUTRA BANGSA BULUKUMBA,Kec. Ujung Bulu,-,-,-,-,-,-,-,-,-,1,1,1,0
SMK,SMKS MULIA ASRI BULUKUMBA,Kec. Kajang,-,-,-,-,-,-,-,-,-,1,1,1,0
SMK,SMKS PEPABRI BULUKUMBA,Kec. Ujung Bulu,-,-,-,-,-,-,-,-,-,3,3,4,0
SMK,SMKS MUHAMMADIYAH BULUKUMBA,Kec. Ujung Bulu,-,-,-,-,-,-,-,-,-,3,3,3,0
SMK,SMKN 5 BULUKUMBA,Kec. Rilau Ale,-,-,-,-,-,-,-,-,-,5,5,3,0
SMK,SMKN 3 BULUKUMBA,Kec. Ujung Loe,-,-,-,-,-,-,-,-,-,5,5,5,0
SMK,SMKS KEPERAWATAN ALIF SYAWAL BULUKUMBA,Kec. Ujung Bulu,-,-,-,-,-,-,-,-,-,1,1,1,0
SMK,SMKN 4 BULUKUMBA,Kec. Herlang,-,-,-,-,-,-,-,-,-,4,2,2,0
SMK,SMKN 7 BULUKUMBA,Kec. Kajang,-,-,-,-,-,-,-,-,-,4,3,2,0
SMK,SMKS ARKARNIS BATANG,Kec. Bontotiro,-,-,-,-,-,-,-,-,-,1,1,1,0
SMP,SMP NEGERI 8 BULUKUMBA ,Kec. Gantarang,-,-,-,-,-,-,3,3,3,-,-,-,-
SMP,SMP NEGERI SATAP 9 BULUKUMBA,Kec. Kindang,-,-,-,-,-,-,1,1,1,-,-,-,-
SMP,SMP INTEGRAL AL HIKMAH,Kec. Ujung Loe,-,-,-,-,-,-,1,1,1,-,-,-,-
SMP,SMP NEGERI 35 BULUKUMBA,Kec. Bontobahari,-,-,-,-,-,-,2,2,2,-,-,-,-
SMP,SMP NEGERI 39 BULUKUMBA,Kec. Rilau Ale,-,-,-,-,-,-,7,7,8,-,-,-,-
SMP,SMP NEGERI 10 BULUKUMBA,Kec. Ujung Loe,-,-,-,-,-,-,8,8,7,-,-,-,-
SMP,SMP NEGERI 24 BULUKUMBA ,Kec. Herlang,-,-,-,-,-,-,5,5,5,-,-,-,-
SMP,SMP NEGERI 5 BULUKUMBA,Kec. Gantarang,-,-,-,-,-,-,5,5,6,-,-,-,-
SMP,SMP AL-IRSYAD,Kec. Kindang,-,-,-,-,-,-,1,1,1,-,-,-,-
SMP,SMP NEGERI 23 BULUKUMBA,Kec. Kajang,-,-,-,-,-,-,2,2,2,-,-,-,-
SMP,SMP NEGERI SATAP 3 BULUKUMBA ,Kec. Kajang,-,-,-,-,-,-,1,1,1,-,-,-,-
SMP,SMP NEGERI 21 BULUKUMBA,Kec. Kajang,-,-,-,-,-,-,3,3,4,-,-,-,-
SMP,SMP NEGERI SATAP 5 BULUKUMBA,Kec. Kajang,-,-,-,-,-,-,1,1,1,-,-,-,-
SMP,SMP NEGERI SATAP 15 BULUKUMBA,Kec. Gantarang,-,-,-,-,-,-,1,1,1,-,-,-,-
SMP,SMP NEGERI SATAP 4 BULUKUMBA ,Kec. Kajang,-,-,-,-,-,-,1,1,1,-,-,-,-
SMP,SMP NEGERI SATAP 7 BULUKUMBA,Kec. Bontobahari,-,-,-,-,-,-,1,1,1,-,-,-,-
SMP,SMP NEGERI 32 BULUKUMBA,Kec. Bontobahari,-,-,-,-,-,-,8,9,9,-,-,-,-
SMP,SMPN 46 BULUKUMBA,Kec. Herlang,-,-,-,-,-,-,1,1,1,-,-,-,-
SMP,SMP NEGERI 9 BULUKUMBA ,Kec. Gantarang,-,-,-,-,-,-,5,4,4,-,-,-,-
SMP,SMP NEGERI 11 BULUKUMBA,Kec. Ujung Loe,-,-,-,-,-,-,4,4,4,-,-,-,-
SMP,SMP NEGERI 3 BULUKUMBA ,Kec. Ujung Bulu,-,-,-,-,-,-,2,5,3,-,-,-,-
SMP,SMP NEGERI 41 BULUKUMBA ,Kec. Rilau Ale,-,-,-,-,-,-,4,4,4,-,-,-,-
SMP,SMPS AS SALAM JONJORO,Kec. Rilau Ale,-,-,-,-,-,-,1,1,1,-,-,-,-
SMP,SMP NEGERI 43 BULUKUMBA,Kec. Kajang,-,-,-,-,-,-,2,2,2,-,-,-,-
SMP,SMP NEGERI 25 BULUKUMBA,Kec. Herlang,-,-,-,-,-,-,6,5,5,-,-,-,-
SMP,SMP NEGERI 40 BULUKUMBA,Kec. Rilau Ale,-,-,-,-,-,-,8,8,8,-,-,-,-
SMP,SMP NEGERI SATAP 14 BULUKUMBA,Kec. Gantarang,-,-,-,-,-,-,1,1,1,-,-,-,-
SMP,SMP NEGERI 28 BULUKUMBA,Kec. Herlang,-,-,-,-,-,-,3,3,2,-,-,-,-
SMP,SMP NEGERI 19 BULUKUMBA ,Kec. Kajang,-,-,-,-,-,-,7,7,7,-,-,-,-
SMP,SMP NEGERI 20 BULUKUMBA,Kec. Kajang,-,-,-,-,-,-,8,8,8,-,-,-,-
SMP,SMP NEGERI 14 BULUKUMBA,Kec. Bulukumpa,-,-,-,-,-,-,6,8,6,-,-,-,-
SMP,SMP NEGERI 27 BULUKUMBA,Kec. Herlang,-,-,-,-,-,-,2,1,2,-,-,-,-
SMP,SMP NEGERI 15 BULUKUMBA,Kec. Bulukumpa,-,-,-,-,-,-,3,3,3,-,-,-,-
SMP,SMP NEGERI 16 BULUKUMBA,Kec. Bulukumpa,-,-,-,-,-,-,5,5,5,-,-,-,-
SMP,SMP NEGERI SATAP 11 BULUKUMBA,Kec. Kindang,-,-,-,-,-,-,1,1,1,-,-,-,-
SMP,SMP NEGERI SATAP 2 BULUKUMBA,Kec. Bontotiro,-,-,-,-,-,-,1,1,1,-,-,-,-
SMP,SMP NEGERI 12 BULUKUMBA ,Kec. Ujung Loe,-,-,-,-,-,-,4,5,4,-,-,-,-
SMP,SMP ISLAM AL QALAM,Kec. Bulukumpa,-,-,-,-,-,-,1,1,1,-,-,-,-
SMP,SMP NEGERI 13 BULUKUMBA,Kec. Ujung Loe,-,-,-,-,-,-,1,2,2,-,-,-,-
SMP,SMP NEGERI SATAP 12 BULUKUMBA ,Kec. Kindang,-,-,-,-,-,-,1,1,1,-,-,-,-
SMP,SMP NEGERI SATAP 6 BULUKUMBA,Kec. Bontobahari,-,-,-,-,-,-,1,1,1,-,-,-,-
SMP,SMP NEGERI 7 BULUKUMBA,Kec. Gantarang,-,-,-,-,-,-,3,3,3,-,-,-,-
SMP,SMP NEGERI 26 HERLANG,Kec. Herlang,-,-,-,-,-,-,3,3,3,-,-,-,-
SMP,SMP NEGERI 36 BULUKUMBA,Kec. Kindang,-,-,-,-,-,-,3,3,3,-,-,-,-
SMP,SMP NEGERI 4 BULUKUMBA,Kec. Gantarang,-,-,-,-,-,-,8,8,8,-,-,-,-
SMP,SMP NEGERI SATAP 13 BULUKUMBA,Kec. Kindang,-,-,-,-,-,-,1,1,1,-,-,-,-
SMP,SMP MUHAMMADIYAH BULUKUMBA,Kec. Ujung Bulu,-,-,-,-,-,-,1,1,1,-,-,-,-
SMP,SMP NEGERI 17 BULUKUMBA,Kec. Bulukumpa,-,-,-,-,-,-,4,4,4,-,-,-,-
SMP,SMP NEGERI 44 BULUKUMBA,Kec. Bulukumpa,-,-,-,-,-,-,3,2,2,-,-,-,-
SMP,SMP NEGERI 37 BULUKUMBA,Kec. Kindang,-,-,-,-,-,-,3,3,3,-,-,-,-
SMP,SMP NEGERI 2 BULUKUMBA,Kec. Ujung Bulu,-,-,-,-,-,-,8,8,9,-,-,-,-
SMP,SMP NEGERI 48 BULUKUMBA,Kec. Gantarang,-,-,-,-,-,-,1,1,1,-,-,-,-
SMP,SMP AL GAZALI,Kec. Ujung Bulu,-,-,-,-,-,-,1,1,1,-,-,-,-
SMP,SMP NEGERI 47 BULUKUMBA,Kec. Bulukumpa,-,-,-,-,-,-,1,1,2,-,-,-,-
SMP,SMP NEGERI 1 BULUKUMBA,Kec. Ujung Bulu,-,-,-,-,-,-,11,12,12,-,-,-,-
SMP,SMP NEGERI SATAP 8 BULUKUMBA,Kec. Ujung Loe,-,-,-,-,-,-,1,1,1,-,-,-,-
SMP,SMP NEGERI 29 BULUKUMBA,Kec. Bontotiro,-,-,-,-,-,-,4,4,4,-,-,-,-
SMP,SMP NEGERI 31 BULUKUMBA,Kec. Bontotiro,-,-,-,-,-,-,3,3,3,-,-,-,-
SMP,SMP NEGERI 34 BULUKUMBA,Kec. Bontobahari,-,-,-,-,-,-,4,4,4,-,-,-,-
SMP,SMP NEGERI 18 BULUKUMBA ,Kec. Bulukumpa,-,-,-,-,-,-,2,3,3,-,-,-,-
SMP,SMP NEGERI 33 BULUKUMBA,Kec. Bontobahari,-,-,-,-,-,-,4,4,4,-,-,-,-
SMP,SMP NEGERI 6 BULUKUMBA,Kec. Gantarang,-,-,-,-,-,-,2,3,3,-,-,-,-
SMP,SMPN SATAP 18 BULUKUMBA,Kec. Bulukumpa,-,-,-,-,-,-,2,2,1,-,-,-,-
SMP,SMP NEGERI 30 BULUKUMBA,Kec. Bontotiro,-,-,-,-,-,-,5,6,4,-,-,-,-
SMP,SMP NEGERI SATAP 1 BULUKUMBA,Kec. Herlang,-,-,-,-,-,-,2,1,2,-,-,-,-
SMP,SMP NEGERI 22 BULUKUMBA,Kec. Kajang,-,-,-,-,-,-,2,2,2,-,-,-,-
SMP,SMP NEGERI SATAP 10 BULUKUMBA ,Kec. Kindang,-,-,-,-,-,-,1,1,1,-,-,-,-
SMP,SMP NEGERI 38 BULUKUMBA,Kec. Kindang,-,-,-,-,-,-,1,2,2,-,-,-,-
SMP,SMP PGRI BULUKUMBA,Kec. Ujung Bulu,-,-,-,-,-,-,1,1,1,-,-,-,-
SMP,SMP NEGERI 42 BULUKUMBA,Kec. Rilau Ale,-,-,-,-,-,-,2,2,2,-,-,-,-
SD,SDN 7 MATAJANG,Kec. Ujung Bulu,2,3,2,2,2,2,-,-,-,-,-,-,-
SD,SD NEGERI 274 BONTOSUNGGU,Kec. Gantarang,1,1,1,1,1,1,-,-,-,-,-,-,-
SD,SD NEGERI 21 SEPPANG,Kec. Ujung Loe,1,1,1,2,1,1,-,-,-,-,-,-,-
SD,SD NEGERI 90 GANJENGE,Kec. Rilau Ale,2,2,2,1,2,1,-,-,-,-,-,-,-
SD,SD NEGERI 287 DOMENGA,Kec. Herlang,1,1,1,1,1,1,-,-,-,-,-,-,-
SD,SD NEGERI 27 MATEKKO,Kec. Gantarang,2,2,2,2,1,1,-,-,-,-,-,-,-
SD,SD NEGERI 182 DANNUANG,Kec. Ujung Loe,2,3,2,2,2,2,-,-,-,-,-,-,-
SD,SD NEGERI 206 BONTONYELENG,Kec. Gantarang,2,1,1,2,2,1,-,-,-,-,-,-,-
SD,SD NEGERI 187 BONTOMANAI,Kec. Rilau Ale,2,1,2,1,1,1,-,-,-,-,-,-,-
SD,SD NEGERI 226 BALLEANGING,Kec. Ujung Loe,1,1,1,1,1,1,-,-,-,-,-,-,-
SD,SD NEGERI 145 TUJU,Kec. Bontotiro,1,1,1,1,1,1,-,-,-,-,-,-,-
SD,SD NEGERI 247 PATTOENGAN,Kec. Bulukumpa,1,1,1,1,1,1,-,-,-,-,-,-,-
SD,SD NEGERI 297 MATEKKO,Kec. Gantarang,1,1,1,1,1,1,-,-,-,-,-,-,-
SD,SD NEGERI 222 DANNUANG,Kec. Ujung Loe,1,2,1,1,1,1,-,-,-,-,-,-,-
SD,SD NEGERI NO. 98 BONTOMANAI,Kec. Rilau Ale,1,1,2,1,1,1,-,-,-,-,-,-,-
SD,SD NEGERI 311 LURAYA,Kec. Kajang,1,1,1,1,1,1,-,-,-,-,-,-,-
SD,SD NEGERI 94 BALIMBING,Kec. Rilau Ale,1,1,1,1,1,1,-,-,-,-,-,-,-
SD,SD NEGERI 293 TANAHKONGKONG,Kec. Ujung Bulu,1,1,1,1,1,1,-,-,-,-,-,-,-
SD,SD NEGERI 26 MATEKKO,Kec. Gantarang,2,2,2,2,2,2,-,-,-,-,-,-,-
SD,SD NEGERI 281 SUMALAYA,Kec. Kajang,1,1,1,1,2,1,-,-,-,-,-,-,-
SD,SD NEGERI 290 TAHEBATU,Kec. Bontotiro,1,1,1,1,1,1,-,-,-,-,-,-,-
SD,SD NEGERI 227 BONTOMACINNA,Kec. Gantarang,2,2,1,2,1,1,-,-,-,-,-,-,-
SD,SD NEGERI 113 DANGGAREHANG,Kec. Kajang,1,1,1,1,1,1,-,-,-,-,-,-,-
SD,SD NEGERI 158 BENJALA,Kec. Bontobahari,1,1,1,1,1,1,-,-,-,-,-,-,-
SD,SD NEGERI 196 TRITIRO,Kec. Bontotiro,1,1,1,1,1,1,-,-,-,-,-,-,-
SD,SD NEGERI 65 BALANGRIRI,Kec. Bulukumpa,1,1,1,1,1,1,-,-,-,-,-,-,-
SD,SD NEGERI 346 TIMBULA,Kec. Bontotiro,1,1,1,1,1,1,-,-,-,-,-,-,-
SD,SD NEGERI 319 LOKAJAHA,Kec. Bontotiro,1,1,1,1,1,1,-,-,-,-,-,-,-
SD,SD NEGERI 9 TANAH KONGKONG,Kec. Ujung Bulu,2,2,2,1,1,1,-,-,-,-,-,-,-
SD,SD NEGERI 19 MANYAMPA,Kec. Ujung Loe,1,1,1,1,1,1,-,-,-,-,-,-,-
SD,SD NEGERI 244 SALASSAE,Kec. Bulukumpa,1,1,1,1,1,1,-,-,-,-,-,-,-
SD,SD NEGERI 254 BANYORO,Kec. Herlang,1,1,1,1,1,1,-,-,-,-,-,-,-
SD,SD NEGERI 263 TANAH LEMO,Kec. Bontobahari,1,1,1,1,1,1,-,-,-,-,-,-,-
SD,SD NEGERI 157 PASARAYA,Kec. Bontobahari,1,1,1,2,1,1,-,-,-,-,-,-,-
SD,SD NEGERI 130 BONTOBEANG,Kec. Herlang,1,1,1,1,1,1,-,-,-,-,-,-,-
SD,SD NEGERI 320 MARAKKIUNG,Kec. Bontotiro,1,1,1,1,1,1,-,-,-,-,-,-,-
SD,SD NEGERI 191 LEMBANNA,Kec. Kajang,1,1,1,1,1,1,-,-,-,-,-,-,-
SD,SD NEGERI NO 6 KASUARA,Kec. Ujung Bulu,1,2,2,1,1,2,-,-,-,-,-,-,-
SD,SD NEGERI 312 SAPAYA,Kec. Kajang,1,1,1,1,1,1,-,-,-,-,-,-,-
SD,SD NEGERI 131 BONTO BANA,Kec. Herlang,1,1,1,1,1,1,-,-,-,-,-,-,-
SD,SD NEGERI 86 LONGI,Kec. Rilau Ale,1,1,1,1,1,1,-,-,-,-,-,-,-
SD,SD NEGERI 45 DAMPANG,Kec. Gantarang,1,1,1,1,1,1,-,-,-,-,-,-,-
SD,SD NEGERI 120 BAJANG,Kec. Herlang,1,1,1,1,1,1,-,-,-,-,-,-,-
SD,SD NEGERI 233 DAMPANG,Kec. Gantarang,1,1,1,1,1,1,-,-,-,-,-,-,-
SD,SD NEGERI 72 BAMBAUNGANG,Kec. Bulukumpa,1,1,1,1,1,1,-,-,-,-,-,-,-
SD,SD NEGERI 22 ALLU,Kec. Ujung Loe,1,1,1,2,2,1,-,-,-,-,-,-,-
SD,SDN 353 ULUPARANG,Kec. Kindang,1,1,1,1,1,1,-,-,-,-,-,-,-
SD,SD NEGERI 87 BUTTAKEKE,Kec. Rilau Ale,1,1,2,1,2,1,-,-,-,-,-,-,-
SD,SD NEGERI 313 PAPINJENG,Kec. Kajang,1,1,1,1,1,1,-,-,-,-,-,-,-
SD,SD NEGERI 88 BATUKAROPA,Kec. Rilau Ale,1,1,1,1,1,1,-,-,-,-,-,-,-
SD,SD NEGERI 190 TANAH JAYA,Kec. Kajang,1,1,1,1,1,1,-,-,-,-,-,-,-
SD,SD NEGERI 149 TAMALALA,Kec. Bontotiro,1,1,1,1,1,1,-,-,-,-,-,-,-
SD,SD NEGERI 345 SAMAKORE,Kec. Bontotiro,1,1,1,1,1,1,-,-,-,-,-,-,-
SD,SD NEGERI 161 ARA,Kec. Bontobahari,1,1,1,1,1,1,-,-,-,-,-,-,-
SD,SD NEGERI 210 BONTOMINASA,Kec. Bulukumpa,1,1,1,2,1,1,-,-,-,-,-,-,-
SD,SD NEGERI 91 MUNTE,Kec. Bulukumpa,1,1,1,1,1,1,-,-,-,-,-,-,-
SD,SD NEGERI 64 BALANGBESSI,Kec. Bulukumpa,1,1,1,1,1,1,-,-,-,-,-,-,-
SD,SD NEGERI 255 PARANGLOHE,Kec. Herlang,1,1,1,1,1,1,-,-,-,-,-,-,-
SD,SD NEGERI 116 USA,Kec. Kajang,1,1,1,1,1,1,-,-,-,-,-,-,-
SD,SD NEGERI 267 DAULELE,Kec. Kajang,1,1,1,1,1,1,-,-,-,-,-,-,-
SD,SD NEGERI .172 BORONGKALUKUE,Kec. Ujung Bulu,2,2,2,2,2,1,-,-,-,-,-,-,-
SD,SD NEGERI 256 KAJANG,Kec. Herlang,1,1,1,1,1,1,-,-,-,-,-,-,-
SD,SD NEGERI 162 ARA,Kec. Bontobahari,1,1,1,1,1,1,-,-,-,-,-,-,-
SD,SD NEGERI 153 TOMBOLO,Kec. Bontotiro,1,1,1,1,1,1,-,-,-,-,-,-,-
SD,SD NEGERI 100 CENTRE KAJANG,Kec. Kajang,2,1,1,1,1,2,-,-,-,-,-,-,-
SD,SD NEGERI 181 TANAHKONGKONG,Kec. Ujung Bulu,1,2,1,2,1,1,-,-,-,-,-,-,-
SD,SD NEGERI 118 LEMBANG TUMBU,Kec. Herlang,1,1,1,1,1,1,-,-,-,-,-,-,-
SD,SD NEGERI 103 KALIMPORO,Kec. Kajang,1,1,1,2,1,1,-,-,-,-,-,-,-
SD,SD NEGERI 260 EREKEKE,Kec. Bontotiro,1,1,1,1,1,1,-,-,-,-,-,-,-
SD,SD NEGERI 276 CAMPULEA,Kec. Rilau Ale,1,1,1,1,1,1,-,-,-,-,-,-,-
SD,SD NEGERI 228 GATTARENG,Kec. Gantarang,1,1,1,1,1,1,-,-,-,-,-,-,-
SD,SD NEGERI 143 PARA,Kec. Bontotiro,1,1,1,1,1,1,-,-,-,-,-,-,-
SD,SD NEGERI 315 KAROSI,Kec. Herlang,1,1,1,1,1,1,-,-,-,-,-,-,-
SD,SD NEGERI 329 PALAMBARAE,Kec. Gantarang,1,2,1,2,1,1,-,-,-,-,-,-,-
SD,SD NEGERI 53 PABBAMBAENG.,Kec. Kindang,1,1,2,1,2,2,-,-,-,-,-,-,-
SD,SD NEGERI 300 BONTO TANAE,Kec. Gantarang,1,1,1,1,1,1,-,-,-,-,-,-,-
SD,SD NEGERI 95 BONTOBULAENG,Kec. Bulukumpa,1,1,1,1,1,1,-,-,-,-,-,-,-
SD,SD NEGERI 20 MANYAMPA,Kec. Ujung Loe,1,1,1,1,1,1,-,-,-,-,-,-,-
SD,SD NEGERI 179 TANAH BERU,Kec. Bontobahari,2,2,2,2,1,2,-,-,-,-,-,-,-
SD,SD NEGERI 104 JANNAYA,Kec. Kajang,1,1,1,1,1,1,-,-,-,-,-,-,-
SD,SD NEGERI 219 ARA,Kec. Bontobahari,1,1,1,1,1,1,-,-,-,-,-,-,-
SD,SD NEGERI 13 SALEMBA,Kec. Ujung Loe,1,1,1,1,2,1,-,-,-,-,-,-,-
SD,SD NEGERI 306 MARANA,Kec. Rilau Ale,1,1,1,1,1,1,-,-,-,-,-,-,-
SD,SD NEGERI 236 KINDANG,Kec. Kindang,1,1,1,1,1,1,-,-,-,-,-,-,-
SD,SD NEGERI 134 KALUMPANG,Kec. Bontotiro,1,1,1,1,1,1,-,-,-,-,-,-,-
SD,SD NEGERI 283 GANTING,Kec. Kajang,1,1,1,1,1,1,-,-,-,-,-,-,-
SD,SD NEGERI 128 TURUNGAN BERU,Kec. Herlang,2,1,1,1,1,1,-,-,-,-,-,-,-
SD,SD NEGERI 295 BALONG,Kec. Ujung Loe,1,1,1,1,1,1,-,-,-,-,-,-,-
SD,SD NEGERI 138 BASOKENG,Kec. Bontotiro,1,1,1,1,1,1,-,-,-,-,-,-,-
SD,SD NEGERI 264 BIRA,Kec. Bontobahari,1,1,1,1,1,1,-,-,-,-,-,-,-
SD,SD NEGERI 351 KAWASAN,Kec. Kajang,1,1,1,1,1,1,-,-,-,-,-,-,-
SD,SD NEGERI 74 TAMARELLANG,Kec. Bulukumpa,1,1,1,1,1,1,-,-,-,-,-,-,-
SD,SD NEGERI 310 NANASAYA,Kec. Kajang,1,1,1,1,1,1,-,-,-,-,-,-,-
SD,SD NEGERI 327 MATEKKO,Kec. Gantarang,1,1,1,1,1,1,-,-,-,-,-,-,-
SD,SD NEGERI 67 LOISA,Kec. Bulukumpa,1,1,1,1,1,1,-,-,-,-,-,-,-
SD,SD NEGERI 30 GATTARANG,Kec. Gantarang,1,1,1,1,1,1,-,-,-,-,-,-,-
SD,SD NEGERI 185 BIALO,Kec. Gantarang,1,1,1,1,1,1,-,-,-,-,-,-,-
SD,SD NEGERI 180 BENTENGE,Kec. Ujung Bulu,1,1,1,1,1,1,-,-,-,-,-,-,-
SD,SD NEGERI 147 MATTOANGING 2,Kec. Bontotiro,1,1,1,1,1,1,-,-,-,-,-,-,-
SD,SD NEGERI 178 TULEKKO,Kec. Bontotiro,1,1,1,1,1,1,-,-,-,-,-,-,-
SD,SD NEGERI 60 TANETE,Kec. Bulukumpa,1,1,1,1,1,1,-,-,-,-,-,-,-
SD,SD NEGERI 342 PAOREMBAYA,Kec. Herlang,1,1,2,1,1,1,-,-,-,-,-,-,-
SD,SD NEGERI 324 TAKKUE,Kec. Ujung Loe,1,1,1,1,1,1,-,-,-,-,-,-,-
SD,SD NEGERI 301 KALUKU,Kec. Kindang,1,1,1,1,1,1,-,-,-,-,-,-,-
SD,SD NEGERI 122 BATUPANYU,Kec. Herlang,1,1,1,1,1,1,-,-,-,-,-,-,-
SD,SD NEGERI 251 GANTA,Kec. Kajang,1,1,1,1,1,1,-,-,-,-,-,-,-
SD,SD NEGERI 257 BADDOA,Kec. Herlang,1,1,1,1,1,1,-,-,-,-,-,-,-
SD,SD NEGERI 81 PALAMPANG,Kec. Rilau Ale,1,1,1,1,1,1,-,-,-,-,-,-,-
SD,SD NEGERI 186 MATTIROWALIE,Kec. Kindang,1,1,1,1,1,1,-,-,-,-,-,-,-
SD,SD NEGERI 200 DANNUANG,Kec. Ujung Loe,1,1,1,1,1,1,-,-,-,-,-,-,-
SD,SD NEGERI 199 TANAH KONGKONG,Kec. Ujung Bulu,1,1,1,1,1,1,-,-,-,-,-,-,-
SD,SD NEGERI 201 GARANTA,Kec. Ujung Loe,1,1,1,1,1,1,-,-,-,-,-,-,-
SD,SD NEGERI 25 LONRONG,Kec. Ujung Loe,1,1,1,1,1,1,-,-,-,-,-,-,-
SD,SD NEGERI 58 TANETE,Kec. Bulukumpa,1,1,1,2,1,2,-,-,-,-,-,-,-
SD,SD NEGERI 282 TUBOGA,Kec. Kajang,1,1,1,1,1,1,-,-,-,-,-,-,-
SD,SD NEGERI 173 MATEKKO,Kec. Gantarang,2,2,2,2,2,1,-,-,-,-,-,-,-
SD,SD NEGERI 325 JATIA,Kec. Ujung Loe,1,1,1,1,1,1,-,-,-,-,-,-,-
SD,SD NEGERI 63 CILALLANG,Kec. Bulukumpa,1,1,1,1,1,1,-,-,-,-,-,-,-
SD,SD NEGERI 216 LEMBANNA,Kec. Kajang,1,1,1,1,1,1,-,-,-,-,-,-,-
SD,SD NEGERI 4 BENTENGE,Kec. Ujung Bulu,1,1,1,1,1,1,-,-,-,-,-,-,-
SD,SD NEGERI 52 GARUNTUNGAN.,Kec. Kindang,1,1,1,1,1,1,-,-,-,-,-,-,-
SD,SD NEGERI 250 KOLI,Kec. Kajang,1,1,1,1,1,1,-,-,-,-,-,-,-
SD,SDN 1 TERANG,Kec. Ujung Bulu,1,1,1,1,1,1,-,-,-,-,-,-,-
SD,SD NEGERI 246 BONTOMANAI,Kec. Rilau Ale,1,1,1,2,1,1,-,-,-,-,-,-,-
SD,SD NEGERI 253 TANUNTUNG,Kec. Herlang,1,1,1,1,1,1,-,-,-,-,-,-,-
SD,SD NEGERI 321 ARA,Kec. Bontobahari,1,1,1,1,1,1,-,-,-,-,-,-,-
SD,SD NEGERI 42 GATTARENG,Kec. Gantarang,1,1,1,1,1,1,-,-,-,-,-,-,-
SD,SD NEGERI . 280 BONTOMINASA,Kec. Bulukumpa,1,1,1,1,1,1,-,-,-,-,-,-,-
SD,SD NEGERI 18 PALANGISANG,Kec. Ujung Loe,1,1,1,1,1,1,-,-,-,-,-,-,-
SD,SDN 277 PANGI,Kec. Rilau Ale,1,1,1,1,1,1,-,-,-,-,-,-,-
SD,SD NEGERI 135 ERELEBU,Kec. Bontotiro,1,1,1,1,1,1,-,-,-,-,-,-,-
SD,SD NEGERI 73 KASESENG,Kec. Bulukumpa,1,1,1,1,1,1,-,-,-,-,-,-,-
SD,SD NEGERI 109 KAJANG KEKE,Kec. Kajang,1,1,1,1,1,1,-,-,-,-,-,-,-
SD,SD NEGERI 127 BONTOA,Kec. Herlang,1,1,1,1,1,1,-,-,-,-,-,-,-
SD,SD NEGERI 266 TOROLIYA,Kec. Gantarang,1,1,1,1,1,1,-,-,-,-,-,-,-
SD,SD NEGERI 215 DASSA,Kec. Kajang,1,1,1,1,1,1,-,-,-,-,-,-,-
SD,SD NEGERI 211 PALAMPANG,Kec. Rilau Ale,1,1,1,1,1,1,-,-,-,-,-,-,-
SD,SDN NEGERI 328 GATTARENG,Kec. Gantarang,1,1,1,1,1,1,-,-,-,-,-,-,-
SD,SD NEGERI 284 TANAH JAYA,Kec. Kajang,1,1,1,1,1,1,-,-,-,-,-,-,-
SD,SD NEGERI 123 PATARO,Kec. Herlang,1,1,1,1,1,1,-,-,-,-,-,-,-
SD,SD NEGERI 51 PARANGSILIBBO.,Kec. Kindang,1,1,1,1,1,1,-,-,-,-,-,-,-
SD,SD NEGERI 97 SAMPEANG,Kec. Rilau Ale,1,1,1,2,1,1,-,-,-,-,-,-,-
SD,SD NEGERI 24 SALEMBA,Kec. Ujung Bulu,3,3,3,2,2,2,-,-,-,-,-,-,-
SD,SD NEGERI 245 BATUTOMPO,Kec. Rilau Ale,1,1,1,1,1,2,-,-,-,-,-,-,-
SD,SD NEGERI 137 CARAMMING,Kec. Bontotiro,1,1,1,1,1,1,-,-,-,-,-,-,-
SD,SD NEGERI 141 SALU,Kec. Bontotiro,1,1,1,1,1,1,-,-,-,-,-,-,-
SD,SD NEGERI 50 PALIOI,Kec. Kindang,1,1,1,1,1,1,-,-,-,-,-,-,-
SD,SD NEGERI 176 TAMBANGAN,Kec. Kajang,1,1,1,1,1,1,-,-,-,-,-,-,-
SD,SD NEGERI 352 NANA,Kec. Kindang,1,1,1,1,1,1,-,-,-,-,-,-,-
SD,SD NEGERI 148 BONTOBULAENG,Kec. Bontotiro,1,1,1,1,1,1,-,-,-,-,-,-,-
SD,SD NEGERI 288 LIANG,Kec. Herlang,1,1,1,1,1,1,-,-,-,-,-,-,-
SD,SD NEGERI 294 PADANGLOANG,Kec. Ujung Loe,1,1,1,1,1,1,-,-,-,-,-,-,-
SD,SD NEGERI 262 TANAH LEMO,Kec. Bontobahari,1,1,1,1,1,1,-,-,-,-,-,-,-
SD,SD NEGERI 150 UPASAYA,Kec. Bontotiro,1,1,1,1,1,1,-,-,-,-,-,-,-
SD,SD NEGERI 326 BAMPANG,Kec. Ujung Loe,1,1,1,1,1,1,-,-,-,-,-,-,-
SD,SD NEGERI 124 BATUASANG,Kec. Herlang,1,1,1,1,1,1,-,-,-,-,-,-,-
SD,SD NEGERI 202 BALLEANGING,Kec. Ujung Loe,1,1,1,1,1,1,-,-,-,-,-,-,-
SD,SD NEGERI 33 BARABBA,Kec. Gantarang,1,1,1,1,1,1,-,-,-,-,-,-,-
SD,SD NEGERI 249 DALOBA,Kec. Kajang,1,1,1,1,1,1,-,-,-,-,-,-,-
SD,SD NEGERI 167 KASUSO,Kec. Bontobahari,1,1,1,1,1,1,-,-,-,-,-,-,-
SD,SD NEGERI 164 ARA,Kec. Bontobahari,1,1,1,1,1,1,-,-,-,-,-,-,-
SD,SD NEGERI 56 BALANGDIDI,Kec. Kindang,1,1,1,1,1,1,-,-,-,-,-,-,-
SD,SD NEGERI 105 SANGKALA,Kec. Kajang,2,2,1,1,1,1,-,-,-,-,-,-,-
SD,SD NEGERI 171 LOKA,Kec. Ujung Bulu,2,2,2,2,2,3,-,-,-,-,-,-,-
SD,SD NEGERI 41 MATEKKO,Kec. Gantarang,3,3,3,2,2,2,-,-,-,-,-,-,-
SD,SD NEGERI 31 BONTOMACINNA,Kec. Gantarang,2,3,3,3,3,2,-,-,-,-,-,-,-
SD,SD NEGERI 57 ORO,Kec. Kindang,1,1,1,1,1,1,-,-,-,-,-,-,-
SD,SD NEGERI 296 TAMATTO,Kec. Ujung Loe,1,1,1,1,1,1,-,-,-,-,-,-,-
SD,SD NEGERI TERPENCIL 350 KAHAYA,Kec. Kindang,1,1,1,1,1,1,-,-,-,-,-,-,-
SD,SD NEGERI 15 MANJALLING,Kec. Ujung Loe,1,1,1,1,1,1,-,-,-,-,-,-,-
SD,SDN 337 MALLOMBONG,Kec. Kajang,1,1,1,1,1,1,-,-,-,-,-,-,-
SD,SD NEGERI 265 BINTARORE,Kec. Ujung Bulu,1,1,1,1,1,1,-,-,-,-,-,-,-
SD,SD NEGERI 151 TIMBULA,Kec. Bontotiro,1,1,1,1,1,1,-,-,-,-,-,-,-
SD,SD NEGERI 59 TANETE,Kec. Bulukumpa,1,1,1,1,1,1,-,-,-,-,-,-,-
SD,SD NEGERI 252 SAPIRI,Kec. Kajang,1,1,1,1,1,1,-,-,-,-,-,-,-
SD,SD NEGERI 62 WAEPEJJE,Kec. Bulukumpa,1,1,1,1,1,1,-,-,-,-,-,-,-
SD,SD NEGERI 223 GARANTA,Kec. Ujung Loe,1,1,1,2,1,1,-,-,-,-,-,-,-
SD,SD NEGERI 270 DANNUANG,Kec. Ujung Loe,1,1,1,1,1,1,-,-,-,-,-,-,-
SD,SD NEGERI 129 BONTOSUKA,Kec. Herlang,1,1,1,1,1,1,-,-,-,-,-,-,-
SD,SD NEGERI 2 TERANG,Kec. Ujung Bulu,4,3,3,3,3,3,-,-,-,-,-,-,-
SD,SD NEGERI 165 BIRA,Kec. Bontobahari,1,1,1,1,1,1,-,-,-,-,-,-,-
SD,SD NEGERI 343 TUGONDENG,Kec. Herlang,1,1,1,1,1,1,-,-,-,-,-,-,-
SD,SD NEGERI 213 HULO,Kec. Bulukumpa,1,1,1,1,1,1,-,-,-,-,-,-,-
SD,SD NEGERI 70 BULO,Kec. Bulukumpa,1,1,1,1,1,1,-,-,-,-,-,-,-
SD,SD NEGERI 286 MALLOMBONG,Kec. Herlang,1,1,1,1,1,1,-,-,-,-,-,-,-
SD,SD NEGERI 35 BONTO SUNGGU,Kec. Gantarang,1,1,1,1,1,1,-,-,-,-,-,-,-
SD,SD NEGERI 198 BIRA,Kec. Bontobahari,1,1,1,1,1,1,-,-,-,-,-,-,-
SD,SD NEGERI 242 GALUNG BODDONG,Kec. Rilau Ale,1,1,1,1,1,1,-,-,-,-,-,-,-
SD,SD NEGERI 192 TANAHTOWA,Kec. Kajang,1,2,1,1,1,1,-,-,-,-,-,-,-
SD,SD NEGERI 194 MACINNA,Kec. Herlang,1,1,1,1,1,1,-,-,-,-,-,-,-
SD,SD NEGERI 212 BONTOBANGUN,Kec. Rilau Ale,1,1,1,1,1,1,-,-,-,-,-,-,-
SD,SD NEGERI 188 BONTO BULAENG,Kec. Bulukumpa,1,1,1,1,1,1,-,-,-,-,-,-,-
SD,SD NEGERI 302 LATTAE,Kec. Kindang,1,1,1,1,1,1,-,-,-,-,-,-,-
SD,SD NEGERI 110 BUNJA,Kec. Kajang,1,1,1,1,1,1,-,-,-,-,-,-,-
SD,SD NEGERI 184 PALAMBARAE,Kec. Gantarang,1,2,2,1,1,2,-,-,-,-,-,-,-
SD,SD NEGERI 175 BULO,Kec. Bulukumpa,1,1,1,2,1,1,-,-,-,-,-,-,-
SD,SD NEGERI 10 ELA,Kec. Ujung Bulu,1,1,1,1,2,1,-,-,-,-,-,-,-
SD,SD ISLAM TERPADU WAHDAH ISLAMIYAH BULUKUMBA,Kec. Ujung Bulu,2,2,1,1,1,1,-,-,-,-,-,-,-
SD,SD NEGERI 169 TOKALA,Kec. Bontobahari,1,1,1,1,1,1,-,-,-,-,-,-,-
SD,SD NEGERI 238 MATTOANGING,Kec. Bulukumpa,1,1,1,1,1,1,-,-,-,-,-,-,-
SD,SD NEGERI 331 BORONG TELLU,Kec. Gantarang,1,1,1,1,1,1,-,-,-,-,-,-,-
SD,SD NEGERI 48 GANTING.,Kec. Kindang,1,1,1,1,1,1,-,-,-,-,-,-,-
SD,SD NEGERI 139 LAMANDA,Kec. Bontotiro,1,1,1,1,1,1,-,-,-,-,-,-,-
SD,SD NEGERI 208 KINDANG,Kec. Kindang,1,1,1,1,1,1,-,-,-,-,-,-,-
SD,SD NEGERI 112 BARANG,Kec. Kajang,1,1,1,1,1,1,-,-,-,-,-,-,-
SD,SD NEGERI 224 GARANTA,Kec. Ujung Loe,1,1,1,1,1,1,-,-,-,-,-,-,-
SD,SD NEGERI 291 LOBI,Kec. Bontotiro,1,1,1,1,1,1,-,-,-,-,-,-,-
SD,SD NEGERI 335 KACIBO,Kec. Rilau Ale,1,1,1,1,1,1,-,-,-,-,-,-,-
SD,SD NEGERI 341 BATU,Kec. Herlang,1,1,1,1,1,1,-,-,-,-,-,-,-
SD,SD NEGERI 132 BABALOHE,Kec. Herlang,1,1,1,1,1,1,-,-,-,-,-,-,-
SD,SD NEGERI 5 APPASARENGE,Kec. Ujung Bulu,1,1,1,1,1,1,-,-,-,-,-,-,-
SD,SD NEGERI 168 DANGKE,Kec. Bontobahari,1,1,1,1,1,1,-,-,-,-,-,-,-
SD,SD NEGERI 347 TABBINGSITOA,Kec. Bontotiro,1,1,1,1,1,1,-,-,-,-,-,-,-
SD,SD NEGERI 159 LIMBUA,Kec. Bontobahari,1,1,1,1,1,1,-,-,-,-,-,-,-
SD,SD NEGERI 144 BUHUNGLANTANG,Kec. Bontotiro,1,1,1,1,1,1,-,-,-,-,-,-,-
SD,SD NEGERI 334 BINUANG,Kec. Bulukumpa,1,1,1,1,1,1,-,-,-,-,-,-,-
SD,SD NEGERI 152 JATIA,Kec. Bontotiro,1,1,1,1,1,1,-,-,-,-,-,-,-
SD,SD NEGERI 332 PULONGGO,Kec. Bulukumpa,1,1,1,1,1,1,-,-,-,-,-,-,-
SD,SD NEGERI 339 DUMPU,Kec. Kajang,1,1,1,1,1,1,-,-,-,-,-,-,-
SD,SD NEGERI 126 BORONG,Kec. Herlang,1,1,1,1,1,1,-,-,-,-,-,-,-
SD,SD NEGERI 239 SARAJOKO,Kec. Bulukumpa,1,1,1,1,1,1,-,-,-,-,-,-,-
SD,SD NEGERI 323 TOKOMBENG,Kec. Ujung Loe,1,1,1,1,1,1,-,-,-,-,-,-,-
SD,SD NEGERI 163 ARA,Kec. Bontobahari,1,1,1,1,1,1,-,-,-,-,-,-,-
SD,SD NEGERI 234 MATTIROWALIE,Kec. Kindang,1,1,1,1,1,1,-,-,-,-,-,-,-
SD,SD NEGERI 258 SAKUI KUI,Kec. Bontotiro,1,1,1,1,1,1,-,-,-,-,-,-,-
SD,SD NEGERI 309 DUMPU,Kec. Kajang,1,1,1,1,1,1,-,-,-,-,-,-,-
SD,SD NEGERI 76 BARUGA RIATTANG,Kec. Bulukumpa,1,1,1,1,1,1,-,-,-,-,-,-,-
SD,SD NEGERI 23 PADANGLOANG,Kec. Ujung Loe,1,1,1,1,1,1,-,-,-,-,-,-,-
SD,SD NEGERI 241 BARUGAE,Kec. Bulukumpa,1,1,1,1,1,1,-,-,-,-,-,-,-
SD,SD NEGERI 142 PAKUBALAHO,Kec. Bontotiro,1,1,1,1,1,1,-,-,-,-,-,-,-
SD,SD NEGERI 108 GANTA,Kec. Kajang,1,1,1,1,1,1,-,-,-,-,-,-,-
SD,SD NEGERI 218 BATANG,Kec. Bontotiro,1,1,1,1,1,1,-,-,-,-,-,-,-
SD,SD NEGERI 209 TANETE,Kec. Bulukumpa,1,1,1,1,1,1,-,-,-,-,-,-,-
SD,SD NEGERI 107 MACCINI,Kec. Kajang,1,1,1,1,1,1,-,-,-,-,-,-,-
SD,SD NEGERI 111 KASSIBUTA,Kec. Kajang,2,1,2,1,1,1,-,-,-,-,-,-,-
SD,SD NEGERI 83 PANGI,Kec. Rilau Ale,1,1,1,2,1,1,-,-,-,-,-,-,-
SD,SD NEGERI 99 SALASSAE,Kec. Bulukumpa,1,1,1,1,1,1,-,-,-,-,-,-,-
SD,SD NEGERI 117 LEMBANG TUMBU,Kec. Herlang,1,1,1,1,1,1,-,-,-,-,-,-,-
SD,SD NEGERI 44 DAMPANG,Kec. Gantarang,2,2,1,2,2,2,-,-,-,-,-,-,-
SD,SD NEGERI 203 BONTOMACINNA,Kec. Gantarang,1,1,1,2,1,1,-,-,-,-,-,-,-
SD,SD NEGERI 39 BONTO NYELENG,Kec. Gantarang,1,1,2,2,1,1,-,-,-,-,-,-,-
SD,SD NEGERI 154 TULEKKO,Kec. Bontotiro,1,1,1,1,1,1,-,-,-,-,-,-,-
SD,SD NEGERI 38 GATTARENG,Kec. Gantarang,3,1,1,2,1,1,-,-,-,-,-,-,-
SD,SD NEGERI 85 BINGKARONGO,Kec. Rilau Ale,1,1,1,1,1,1,-,-,-,-,-,-,-
SD,SD NEGERI 46 MATTIROWALIE,Kec. Kindang,1,1,1,1,1,1,-,-,-,-,-,-,-
SD,SD NEGERI 40 BONTO NYELENG,Kec. Gantarang,1,1,1,1,1,1,-,-,-,-,-,-,-
SD,SD NEGERI 271 GARANTA,Kec. Ujung Loe,1,1,1,1,1,1,-,-,-,-,-,-,-
SD,SD NEGERI 47 ANRIHUA.,Kec. Kindang,1,1,1,1,1,1,-,-,-,-,-,-,-
SD,SD NEGERI 318 KARRINGA,Kec. Herlang,1,1,1,1,1,1,-,-,-,-,-,-,-
SD,SD NEGERI 269 BALLEANGING,Kec. Ujung Loe,1,1,1,1,1,1,-,-,-,-,-,-,-
SD,SD NEGERI 101 KAJANG II,Kec. Kajang,1,2,1,2,1,1,-,-,-,-,-,-,-
SD,SD NEGERI 225 ALLU,Kec. Ujung Loe,1,1,1,1,1,1,-,-,-,-,-,-,-
SD,SD NEGERI 36 BONTOSUNGGU,Kec. Gantarang,1,1,1,1,1,1,-,-,-,-,-,-,-
SD,SD NEGERI 305 TA GENTUNG,Kec. Bulukumpa,1,1,1,1,1,1,-,-,-,-,-,-,-
SD,SD NEGERI 177 BATUASANG,Kec. Herlang,1,1,1,1,1,1,-,-,-,-,-,-,-
SD,SD NEGERI 183 GARANTA,Kec. Ujung Loe,1,1,1,2,1,1,-,-,-,-,-,-,-
SD,SD NEGERI 66 BALANGRIRI,Kec. Bulukumpa,1,1,1,1,1,1,-,-,-,-,-,-,-
SD,SD NEGERI 79 LAJAE,Kec. Bulukumpa,1,1,1,1,1,1,-,-,-,-,-,-,-
SD,SD NEGERI 261 BILAMPOROA,Kec. Bontotiro,1,1,1,1,1,1,-,-,-,-,-,-,-
SD,SD NEGERI 84 PANGI,Kec. Rilau Ale,1,1,1,1,1,1,-,-,-,-,-,-,-
SD,SD NEGERI 34 BIALO,Kec. Gantarang,1,1,1,1,1,1,-,-,-,-,-,-,-
SD,SD NEGERI 133 HILA,Kec. Bontotiro,1,1,1,1,1,1,-,-,-,-,-,-,-
SD,SD NEGERI 349 MAMPUA,Kec. Ujung Loe,1,1,1,1,1,1,-,-,-,-,-,-,-
SD,SD NEGERI 146 MATTOANGIN,Kec. Bontotiro,1,1,1,1,1,1,-,-,-,-,-,-,-
SD,SD NEGERI 16 ULUTEDONG,Kec. Ujung Loe,2,2,2,2,2,2,-,-,-,-,-,-,-
SD,SD NEGERI 29 BONTOMACINNA,Kec. Gantarang,1,1,2,2,1,1,-,-,-,-,-,-,-
SD,SD NEGERI 80 BULUKUMPA,Kec. Bulukumpa,1,1,1,2,1,1,-,-,-,-,-,-,-
SD,SD NEGERI 61 BALLEANGING,Kec. Bulukumpa,1,1,1,1,1,1,-,-,-,-,-,-,-
SD,SD NEGERI 106 LABOJO,Kec. Kajang,1,1,1,1,1,1,-,-,-,-,-,-,-
SD,SD NEGERI 82 PALAMPANG,Kec. Rilau Ale,1,1,1,1,1,1,-,-,-,-,-,-,-
SD,SD NEGERI 3 KASIMPURENG,Kec. Ujung Bulu,3,3,3,3,3,3,-,-,-,-,-,-,-
SD,SD NEGERI 160TARAMPANG,Kec. Bontobahari,1,2,2,1,1,2,-,-,-,-,-,-,-
SD,SD NEGERI 221 TANAHKONGKONG,Kec. Ujung Bulu,3,2,3,3,2,2,-,-,-,-,-,-,-
SD,SD NEGERI 136 SALOBUNDANG,Kec. Bontotiro,1,1,1,1,1,1,-,-,-,-,-,-,-
SD,SD NEGERI 92 PANGALLOANG,Kec. Rilau Ale,1,1,1,1,1,1,-,-,-,-,-,-,-
SD,SD NEGERI 248 LAIKANG,Kec. Kajang,1,1,1,1,1,1,-,-,-,-,-,-,-
SD,SD NEGERI 298 CABALU,Kec. Gantarang,1,1,1,1,1,1,-,-,-,-,-,-,-
SD,SD NEGERI 14 BABANA,Kec. Ujung Loe,2,2,2,2,2,2,-,-,-,-,-,-,-
SD,SD NEGERI 11 KALUMEME,Kec. Ujung Bulu,2,1,2,2,2,2,-,-,-,-,-,-,-
SD,SD NEGERI 304 BATUHULANG,Kec. Bulukumpa,1,1,1,1,1,1,-,-,-,-,-,-,-
SD,SD NEGERI 69 ANNISIA,Kec. Bulukumpa,1,1,1,1,1,1,-,-,-,-,-,-,-
SD,SD NEGERI 170 LIUKANG LOE,Kec. Bontobahari,1,1,1,1,1,1,-,-,-,-,-,-,-
SD,SD NEGERI 68 TIBONA,Kec. Bulukumpa,1,1,2,1,1,1,-,-,-,-,-,-,-
SD,SD NEGERI 240 HARUE,Kec. Bulukumpa,1,1,1,1,1,1,-,-,-,-,-,-,-
SD,SD NEGERI 259 SAMBOANG,Kec. Bontotiro,1,1,1,1,1,1,-,-,-,-,-,-,-
SD,SD NEGERI 273 BORONGRAPPOA,Kec. Kindang,1,1,1,1,1,1,-,-,-,-,-,-,-
SD,SD NEGERI 232 DAMPANG,Kec. Gantarang,1,1,1,1,1,1,-,-,-,-,-,-,-
SD,SD NEGERI 344 ALORANG,Kec. Herlang,1,1,1,1,1,1,-,-,-,-,-,-,-
SD,SD NEGERI 289 TALUMAYA,Kec. Bontotiro,1,1,1,1,1,1,-,-,-,-,-,-,-
SD,SD NEGERI NO 93 MARANA,Kec. Rilau Ale,1,1,1,1,1,1,-,-,-,-,-,-,-
SD,SD NEGERI 96 GALUNG BODDONG,Kec. Bulukumpa,1,1,1,1,1,1,-,-,-,-,-,-,-
SD,SD NEGERI 303 PALIPUNGANG,Kec. Rilau Ale,1,1,1,1,1,1,-,-,-,-,-,-,-
SD,SD NEGERI 237 LEMBANG,Kec. Bulukumpa,1,1,1,1,1,1,-,-,-,-,-,-,-
SD,SD NEGERI 317 BORONG,Kec. Herlang,1,1,1,1,1,1,-,-,-,-,-,-,-
SD,SD NEGERI 140 KALERASANG,Kec. Bontotiro,1,1,1,1,1,1,-,-,-,-,-,-,-
SD,SD NEGERI 12 BABANA,Kec. Ujung Loe,1,1,1,1,1,1,-,-,-,-,-,-,-
SD,SD NEGERI 119 KARASSING,Kec. Herlang,1,1,1,1,1,1,-,-,-,-,-,-,-
SD,SD NEGERI 322 ELA,Kec. Ujung Bulu,1,1,1,1,1,1,-,-,-,-,-,-,-
SD,SD NEGERI 174 ANRIHUA,Kec. Kindang,2,1,1,1,1,1,-,-,-,-,-,-,-
SD,SD NEGERI 314 MARANA,Kec. Herlang,1,1,1,1,1,1,-,-,-,-,-,-,-
SD,SD NEGERI 197 SAPOLOHE,Kec. Bontobahari,2,2,2,2,1,1,-,-,-,-,-,-,-
SD,SD NEGERI 299 BONTO MACINNA,Kec. Gantarang,1,1,1,1,1,1,-,-,-,-,-,-,-
SD,SD NEGERI 166 BIRA,Kec. Bontobahari,1,1,1,1,1,1,-,-,-,-,-,-,-
SD,SD NEGERI 102 LAIKANG,Kec. Kajang,1,1,1,1,1,1,-,-,-,-,-,-,-
SD,SD NEGERI 292 BIRA,Kec. Bontobahari,1,1,1,1,1,1,-,-,-,-,-,-,-
SD,SD NEGERI 28 BONTOMACINNA,Kec. Gantarang,1,1,1,1,1,1,-,-,-,-,-,-,-
SD,SD NEGERI 308 BUNGAYA,Kec. Kajang,1,1,1,1,1,1,-,-,-,-,-,-,-
SD,SD NEGERI 278 PAKOMBONG,Kec. Bulukumpa,1,1,1,1,1,1,-,-,-,-,-,-,-
SD,SD NEGERI 125 SALIBANG,Kec. Herlang,1,1,1,1,1,1,-,-,-,-,-,-,-
SD,SD NEGERI 156 KALUKUBODO,Kec. Bontobahari,1,1,1,1,1,1,-,-,-,-,-,-,-
SD,SD NEGERI 43 MATTIROWALIE.,Kec. Kindang,1,1,1,1,1,1,-,-,-,-,-,-,-
SD,SD NEGERI 189 BARUGAE,Kec. Bulukumpa,2,1,2,2,2,1,-,-,-,-,-,-,-
SD,SD NEGERI 37 PALAMBARAE,Kec. Gantarang,2,2,2,2,2,2,-,-,-,-,-,-,-
SD,SD NEGERI 231 BONTONYELENG,Kec. Gantarang,1,1,1,1,1,1,-,-,-,-,-,-,-
SD,SD NEGERI 54 CAMPAGA,Kec. Kindang,1,1,1,1,1,1,-,-,-,-,-,-,-
SD,SD NEGERI 275 GATTARENG,Kec. Gantarang,1,1,1,1,1,1,-,-,-,-,-,-,-
SD,SD NEGERI 214 LOLISANG,Kec. Kajang,1,1,1,1,1,1,-,-,-,-,-,-,-
SD,SD NEGERI NO 279 TALLE,Kec. Rilau Ale,1,1,1,1,1,1,-,-,-,-,-,-,-
SD,SD NEGERI 272 BALLEANGING,Kec. Ujung Loe,2,1,1,1,2,1,-,-,-,-,-,-,-
SD,SD NEGERI 330 RAOE,Kec. Gantarang,1,1,1,1,1,1,-,-,-,-,-,-,-
SD,SD NEGERI 230 PALAMBARAE,Kec. Gantarang,3,2,2,2,2,1,-,-,-,-,-,-,-
SD,SD NEGERI 121 EREINUNG,Kec. Herlang,1,1,1,1,1,1,-,-,-,-,-,-,-
SD,SD NEGERI 333 TIBONA,Kec. Bulukumpa,1,1,1,1,1,1,-,-,-,-,-,-,-
SD,SD NEGERI 217 KARASSING,Kec. Herlang,1,1,1,1,1,1,-,-,-,-,-,-,-
SD,SD NEGERI 49 BORONGRAPPOA.,Kec. Kindang,1,1,2,1,1,1,-,-,-,-,-,-,-
SD,SD NEGERI 268 JANNAKEKE,Kec. Bontotiro,1,1,1,1,1,1,-,-,-,-,-,-,-
SD,SD NEGERI 229 GATTARENG,Kec. Gantarang,1,1,1,1,1,1,-,-,-,-,-,-,-
SD,SD NEGERI 32 BARABBA,Kec. Gantarang,1,1,1,1,1,1,-,-,-,-,-,-,-
SD,SD NEGERI 114 MALLELENG,Kec. Kajang,1,1,1,1,1,1,-,-,-,-,-,-,-
SD,SD NEGERI 75 PETTUNGE,Kec. Bulukumpa,1,1,1,1,1,1,-,-,-,-,-,-,-
SD,SD NEGERI 316 LASSANRU,Kec. Herlang,1,1,1,1,1,1,-,-,-,-,-,-,-
SD,SD NEGERI 78 BONTOA,Kec. Bulukumpa,1,1,1,1,1,1,-,-,-,-,-,-,-
SD,SD NEGERI 115 BALAGANA,Kec. Kajang,1,1,1,1,1,2,-,-,-,-,-,-,-
SD,SD NEGERI 204 GATTARENG,Kec. Gantarang,1,1,1,1,1,1,-,-,-,-,-,-,-
SD,SD NEGERI 155 TANAH BERU,Kec. Bontobahari,1,2,2,2,2,2,-,-,-,-,-,-,-
SD,SD NEGERI 207 DAMPANG,Kec. Gantarang,1,1,1,1,1,1,-,-,-,-,-,-,-
SD,SD NEGERI 71 BARUGAE,Kec. Bulukumpa,1,1,1,1,1,1,-,-,-,-,-,-,-
SD,SD NEGERI 243 ELLEE,Kec. Bulukumpa,1,1,1,1,1,1,-,-,-,-,-,-,-
SD,SD NEGERI 8 NIPA,Kec. Ujung Bulu,1,1,1,1,1,1,-,-,-,-,-,-,-
SD,SD NEGERI 285 DASSA,Kec. Kajang,1,1,1,1,1,1,-,-,-,-,-,-,-
SD,SD NEGERI 89 BATU KAROPA,Kec. Rilau Ale,1,1,1,1,1,1,-,-,-,-,-,-,-
SD,SD NEGERI 338 JAMPANG,Kec. Kajang,1,1,1,1,1,1,-,-,-,-,-,-,-
SD,SD NEGERI 77 BONTOBAJU,Kec. Bulukumpa,1,1,1,1,1,1,-,-,-,-,-,-,-
SD,SD NEGERI 235 BORONGRAPPOA,Kec. Kindang,1,1,1,1,1,1,-,-,-,-,-,-,-
SD,SD NEGERI 55 CIBOLLO,Kec. Kindang,1,1,1,1,1,1,-,-,-,-,-,-,-
SD,SD NEGERI 205 BONTOSUNGGU,Kec. Gantarang,1,1,1,1,1,1,-,-,-,-,-,-,-
SD,SD NEGERI 193 TANUNTUNG,Kec. Herlang,1,1,1,1,1,1,-,-,-,-,-,-,-
SD,SD NEGERI 348 DOAJANG,Kec. Bontobahari,1,1,2,2,2,1,-,-,-,-,-,-,-
SD,SD NEGERI 195 EKATIRO,Kec. Bontotiro,1,1,1,1,1,1,-,-,-,-,-,-,-
SLB,SLBS ABCD DARMAWANITA HERLANG,Kec. Herlang,2,3,3,3,2,4,1,2,2,2,2,2,-
SLB,SLB NEGERI BULUKUMBA,Kec. Ujung Bulu,4,4,4,5,5,1,3,4,3,2,2,2,-
